parent_company;company;gogel_id
88 Energy Ltd;88 Energy Ltd;100643
89 Energy III LLC;89 Energy III LLC;100830
A Brown Company Inc;A Brown Company Inc;200313
A Brown Company Inc ;Vires Energy Corporation;800677
A2A SpA;A2A SpA;800088
AB Klaipedos nafta;AB Klaipedos nafta;200482
Ab Niroo Mokran (Mokran Water & Power);Ab Niroo Mokran (Mokran Water & Power);800564
Aboitiz Equity Ventures Inc;Aboitiz Equity Ventures Inc;800912
Aboitiz Equity Ventures Inc ;Aboitiz Power Corporation;800913
Aboitiz Equity Ventures Inc ;Therma Subic Inc;800914
Abu Dhabi Developmental Holding Company PJSC;Abu Dhabi Developmental Holding Company PJSC;101011
Abu Dhabi Developmental Holding Company PJSC ;Abu Dhabi National Energy Company PJSC (TAQA);100124
Abu Dhabi Investment Authority;Abu Dhabi Investment Authority;200439
Abu Dhabi National Oil Company (ADNOC);Abu Dhabi National Oil Company (ADNOC);100012
Abu Dhabi National Oil Company (ADNOC) ;ADNOC Gas plc;200560
ACWA Power Company;ACWA Power Company;800062
Advantage Energy Ltd;Advantage Energy Ltd;100256
ADX Energy Ltd;ADX Energy Ltd;100718
Aegle Power LLC;Aegle Power LLC;801009
Aethon Energy Management LLC;Aethon Energy Management LLC;100096
Afghan Gas Enterprise;Afghan Gas Enterprise;200707
Africa Oil Corp;Africa Oil Corp;100297
Ageron Energy LLC;Ageron Energy LLC;100552
AGL Energy Ltd;AGL Energy Ltd;100880
AGL Energy Ltd ;AGL Newcastle Power Station Pty Ltd;800818
Aker BP ASA;Aker BP ASA;100098
Al Jomaih Holding Co;Al Jomaih Holding Co;800969
Aladdin Middle East Ltd;Aladdin Middle East Ltd;101113
Alaska Gasline Development Corporation;Alaska Gasline Development Corporation;200153
Alaska Gasline Development Corporation ;Alaska LNG Project LLC;200559
Albgaz Sh.a.;Albgaz Sh.a.;200291
ALLETE Inc;ALLETE Inc;800601
Almahdi Aluminium Co;Almahdi Aluminium Co;800837
Alpine Summit Energy Partners Inc;Alpine Summit Energy Partners Inc;100928
Alro SA;Alro SA;800749
Ameredev II LLC;Ameredev II LLC;100463
Ameren Corporation;Ameren Corporation;801019
American Electric Power Company Inc (AEP);American Electric Power Company Inc (AEP);800038
Amni International Petroleum Development Company Ltd;Amni International Petroleum Development Company Ltd;100764
Amperion Power Distribution Company Ltd;Amperion Power Distribution Company Ltd;800613
Amperion Power Distribution Company Ltd ;Geregu Power Plc;800783
Amplify Energy Corp;Amplify Energy Corp;100292
Andes Energy Development Company Ltd;Andes Energy Development Company Ltd;800315
Andhra Pradesh Gas Distribution Corporation Ltd (APGDC);Andhra Pradesh Gas Distribution Corporation Ltd (APGDC);200588
Anhui Province Energy Group Co Ltd (Wenergy Group);Anhui Province Energy Group Co Ltd (Wenergy Group);800254
Anhui Province Natural Gas Development Co Ltd;Anhui Province Natural Gas Development Co Ltd;200258
Anlima Textile Ltd;Anlima Textile Ltd;800775
Anlima Textile Ltd ;Anlima Meghnaghat Power Ltd;800776
Anschutz Exploration Corporation;Anschutz Exploration Corporation;100541
Antelopus Energy Pvt Ltd;Antelopus Energy Pvt Ltd;100852
Antero Resources Corporation;Antero Resources Corporation;100040
APA Corporation;APA Corporation;100049
APA Group;APA Group;200201
Apex Compressed Air Energy Storage LLC;Apex Compressed Air Energy Storage LLC;800747
Apex Energy LLC;Apex Energy LLC;100681
Apollo Infrastructure Projects Finance Company Ltd;Apollo Infrastructure Projects Finance Company Ltd;800948
ARAR Oil & Gas Inc;ARAR Oil & Gas Inc;100689
ARC Financial Corp;ARC Financial Corp;101034
ARC Financial Corp ;Kiwetinohk Energy Corp;100475
ARC Resources Ltd;ARC Resources Ltd;100109
Archer Exploration Corp;Archer Exploration Corp;100986
Arena Offshore LP;Arena Offshore LP;100915
Ares Management Corporation;Ares Management Corporation;101013
Ares Management Corporation ;BlackBrush Oil & Gas LP;100558
Arian MahTaab Gostar Company (Mahtaab Group);Arian MahTaab Gostar Company (Mahtaab Group);800152
Arian MahTaab Gostar Company (Mahtaab Group) ;MahTaab Kahnouj Power Generation Co;800847
Armstrong Oil and Gas Inc;Armstrong Oil and Gas Inc;101074
Arran Energy Pty Ltd;Arran Energy Pty Ltd;100994
ARROW Exploration Corp;ARROW Exploration Corp;100368
Arsenal Resources LLC;Arsenal Resources LLC;100355
Artis Exploration Ltd;Artis Exploration Ltd;100565
Aruana Energia SA (OnCorp);Aruana Energia SA (OnCorp);800129
AS Eesti Varude Keskus;AS Eesti Varude Keskus;200484
Ascent Resources LLC;Ascent Resources LLC;100065
Ashkora Capital Sarl;Ashkora Capital Sarl;800784
Asia Cement Corporation;Asia Cement Corporation;800529
Asia Cement Corporation ;Chiahui Power Corp;800857
Aspenleaf Energy Ltd;Aspenleaf Energy Ltd;100493
Assam Gas Company Ltd;Assam Gas Company Ltd;200167
Assam Gas Company Ltd ;DNP Ltd;200720
Assam Power Generation Corporation Ltd;Assam Power Generation Corporation Ltd;800584
Associated Electric Cooperative Inc;Associated Electric Cooperative Inc;801008
Atem Distribuidora de Petroleo SA;Atem Distribuidora de Petroleo SA;800538
Athabasca Oil Corporation;Athabasca Oil Corporation;100302
Atyant Capital Management Ltd;Atyant Capital Management Ltd;101030
Atyant Capital Management Ltd ;Invenire Energy Pvt Ltd;100797
Atyrau CHPP JSC;Atyrau CHPP JSC;800992
AVAIO Capital;AVAIO Capital;200038
Avant Natural Resources LLC;Avant Natural Resources LLC;100967
Ayala Corporation;Ayala Corporation;800727
Ayala Corporation ;Acen Corporation;800728
Ayala Corporation ;Enex Energy Corporation;800729
Ayala Corporation ;Ingrid3 Power Corporation;800901
Azikel Group;Azikel Group;800928
Azikel Group ;Azikel Power Ltd;800312
Azule Energy Holdings Ltd;Azule Energy Holdings Ltd;100817
B-R Powergen Ltd;B-R Powergen Ltd;800896
B.Grimm Power Public Company Ltd;B.Grimm Power Public Company Ltd;200324
Bahamas Power and Light Company Ltd;Bahamas Power and Light Company Ltd;800966
Baiterek National Managing Holding JSC;Baiterek National Managing Holding JSC;200701
Balaga Potencia SAPI de CV;Balaga Potencia SAPI de CV;800587
Ballard Petroleum Holdings LLC;Ballard Petroleum Holdings LLC;100482
Bangladesh Oil, Gas & Mineral Corporation (Petrobangla);Bangladesh Oil, Gas & Mineral Corporation (Petrobangla);100122
Bangladesh Oil, Gas & Mineral Corporation (Petrobangla) ;Rupantarita Prakritik Gas Company Ltd (RPGCL);200601
Bangladesh Petroleum Corporation (BPC);Bangladesh Petroleum Corporation (BPC);200139
Bangladesh Power Development Board (BPDB);Bangladesh Power Development Board (BPDB);800002
Baotou Shenyin Industry Group Co Ltd;Baotou Shenyin Industry Group Co Ltd;200304
Bapco Energies BSC;Bapco Energies BSC;100080
Barrick Gold Corporation;Barrick Gold Corporation;200205
Basali Ba Liseli Resources Ltd;Basali Ba Liseli Resources Ltd;200169
Basin Electric Power Cooperative;Basin Electric Power Cooperative;800200
Basra Oil Company (BOC);Basra Oil Company (BOC);100038
Batangas Clean Energy Inc;Batangas Clean Energy Inc;200077
Battalion Oil Corporation;Battalion Oil Corporation;100375
Batys Power LLP;Batys Power LLP;800991
Bayswater Exploration and Production LLC;Bayswater Exploration and Production LLC;100445
Baytex Energy Corp;Baytex Energy Corp;100189
Beach Energy Ltd;Beach Energy Ltd;100199
Beacon Offshore Energy LLC;Beacon Offshore Energy LLC;100454
Bedrock Energy Partners LLC;Bedrock Energy Partners LLC;100280
Beijing Energy Holding Co Ltd;Beijing Energy Holding Co Ltd;800009
Beijing Energy Holding Co Ltd ;Beijing Jingneng Clean Energy Co Ltd;800519
Beijing Energy International Holding Co Ltd;Beijing Energy International Holding Co Ltd;801035
Beijing State-owned Capital Operation and Management Co Ltd;Beijing State-owned Capital Operation and Management Co Ltd;800856
Beineu-Shymkent Gas Pipeline LLP;Beineu-Shymkent Gas Pipeline LLP;200699
Belemaoil Producing Ltd;Belemaoil Producing Ltd;100607
Beluluane Gas Company SA;Beluluane Gas Company SA;200558
BEP - Brazilian Energy Participacoes SA;BEP - Brazilian Energy Participacoes SA;800557
Berkshire Hathaway Energy Company;Berkshire Hathaway Energy Company;800007
Berkshire Hathaway Energy Company ;PacifiCorp;800738
Berry Corporation (bry);Berry Corporation (bry);100713
BH-Gas d.o.o. Sarajevo;BH-Gas d.o.o. Sarajevo;200238
Bharat Petroleum Corporation Ltd;Bharat Petroleum Corporation Ltd;100283
Bharat Petroleum Corporation Ltd ;Bharat PetroResources Ltd (BPRL);200447
Bicol Ancillary Services Inc;Bicol Ancillary Services Inc;800904
Bilby LNG LLC;Bilby LNG LLC;200501
Birch Operations Inc;Birch Operations Inc;100274
Birchcliff Energy Ltd;Birchcliff Energy Ltd;100196
Bison Oil & Gas IV LLC;Bison Oil & Gas IV LLC;100549
BKV Corporation;BKV Corporation;100224
Black Mountain Oil & Gas LLC;Black Mountain Oil & Gas LLC;100985
Black Swan Oil & Gas LLC;Black Swan Oil & Gas LLC;100931
Blackhill Energy LLC;Blackhill Energy LLC;100779
Blackstone Inc;Blackstone Inc;800228
Blackstone Inc ;Magnolia Power LLC;800692
Blackstone Inc ;Olympus Energy LLC;100401
Blue Dome Operating LLC;Blue Dome Operating LLC;100517
Blue Energy Ltd;Blue Energy Ltd;200181
Blue Sky Resources Ltd;Blue Sky Resources Ltd;101109
Bonavista Energy Corporation;Bonavista Energy Corporation;100205
Bonterra Energy Corp;Bonterra Energy Corp;100473
Bord na Mona plc;Bord na Mona plc;800731
Bowleven plc;Bowleven plc;200339
BP plc;BP plc;100010
BP plc ;BP Exploration Operating Company Ltd;800942
Brightoil Petroleum (Holdings) Ltd;Brightoil Petroleum (Holdings) Ltd;100329
British International Investment Plc;British International Investment Plc;800289
British International Investment Plc ;Central Termica de Temane SA;800706
British International Investment Plc ;Globeleq Ltd;800656
Brookfield Asset Management Ltd;Brookfield Asset Management Ltd;101039
Brookfield Asset Management Ltd ;Oaktree Capital Management LP;100769
Brookfield Corporation;Brookfield Corporation;200648
Brunei Energy Holdings Sdn Bhd;Brunei Energy Holdings Sdn Bhd;101017
BTA Oil Producers LLC;BTA Oil Producers LLC;100238
BTG Pactual G7 Holding SA;BTG Pactual G7 Holding SA;101014
BTG Pactual G7 Holding SA ;Banco BTG Pactual SA;100269
Buhur for Investment Company;Buhur for Investment Company;800970
Bulgarian Energy Holding EAD;Bulgarian Energy Holding EAD;200134
Burgundy Xploration LLC;Burgundy Xploration LLC;100804
Burk Royalty Co Ltd;Burk Royalty Co Ltd;100770
Buru Energy Ltd;Buru Energy Ltd;200693
Buss Group GmbH & Co KG;Buss Group GmbH & Co KG;200566
Buzachi Neft LLP;Buzachi Neft LLP;100974
BW Energy Ltd;BW Energy Ltd;100478
C.GEN Holding SA;C.GEN Holding SA;800983
C.GEN Holding SA ;C.GEN Killingholme Ltd;800287
Caerus Oil and Gas LLC;Caerus Oil and Gas LLC;100146
California Resources Corporation;California Resources Corporation;100129
Callon Petroleum Company;Callon Petroleum Company;100131
Calpine Corporation;Calpine Corporation;800744
Calpine Corporation ;FPEC LLC;800976
Calyx Energy III LLC;Calyx Energy III LLC;100389
Cameron LNG LLC;Cameron LNG LLC;200445
Canacol Energy Ltd;Canacol Energy Ltd;100324
Canada Pension Plan Investment Board;Canada Pension Plan Investment Board;101053
Canada Pension Plan Investment Board ;Teine Energy Ltd;100282
Canadian Natural Resources Ltd (CNRL);Canadian Natural Resources Ltd (CNRL);100028
Canadian Spirit Resources Inc;Canadian Spirit Resources Inc;100921
Caninde Energias Ltda;Caninde Energias Ltda;800574
Canvas Energy Inc;Canvas Energy Inc;100358
Canyon Creek Energy - Arkoma LLC;Canyon Creek Energy - Arkoma LLC;100532
Capitan Energy Inc;Capitan Energy Inc;100311
Capricorn Energy PLC;Capricorn Energy PLC;100366
Carbon Creek Energy LLC;Carbon Creek Energy LLC;100306
Carbon Holdings Ltd;Carbon Holdings Ltd;800963
Cardinal Energy Ltd;Cardinal Energy Ltd;100879
Castex Energy Inc;Castex Energy Inc;100971
Castleton Commodities International LLC (CCI);Castleton Commodities International LLC (CCI);100298
CC Energy Ltd;CC Energy Ltd;100913
Cedar LNG Partners LP;Cedar LNG Partners LP;200272
Ceiba Energy LLC;Ceiba Energy LLC;800070
Cengiz Holding AS;Cengiz Holding AS;800290
Cenovus Energy Inc;Cenovus Energy Inc;100053
CenterPoint Energy Inc;CenterPoint Energy Inc;800291
CenterPoint Energy Inc ;Southern Indiana Gas and Electric Company;800740
CEPS a.s.;CEPS a.s.;200660
CEPS a.s. ;NET4GAS s.r.o.;200233
Ceylon Electricity Board (CEB);Ceylon Electricity Board (CEB);800214
CEZ a.s.;CEZ a.s.;800286
Chadormalu Mining & Industrial Co;Chadormalu Mining & Industrial Co;800160
Chan May LNG JSC;Chan May LNG JSC;200317
Changchun City Jixing Gas Service for Auto Co Ltd;Changchun City Jixing Gas Service for Auto Co Ltd;200650
Changchun City Jixing Gas Service for Auto Co Ltd ;JX LNG Canada Ltd;200651
Chariot Ltd;Chariot Ltd;100846
Cheiron Petroleum Corporation;Cheiron Petroleum Corporation;100746
Chengdu Yudelong Technology Development Co Ltd;Chengdu Yudelong Technology Development Co Ltd;801028
Cheniere Energy Inc;Cheniere Energy Inc;200007
Cheniere Energy Inc ;Cheniere Corpus Christi Holdings LLC;200670
Cheniere Energy Inc ;Cheniere Energy Partners LP;200675
Cheniere Energy Inc ;Corpus Christi Liquefaction LLC;200497
Cheniere Energy Inc ;Sabine Pass Liquefaction Stage V LLC;200676
Chesapeake Energy Corporation;Chesapeake Energy Corporation;100046
Chevron Corporation;Chevron Corporation;100008
Chevron Corporation ;Tengizchevroil LLP;800769
Chifeng Zhongran Clean Energy Co Ltd;Chifeng Zhongran Clean Energy Co Ltd;200227
Chimcomplex SA Borzesti;Chimcomplex SA Borzesti;800938
China Baowu Steel Group Corporation Ltd;China Baowu Steel Group Corporation Ltd;800106
China Changcheng Natural Gas Power Co Ltd;China Changcheng Natural Gas Power Co Ltd;100995
China Changcheng Natural Gas Power Co Ltd ;Balang International Pte Ltd;100996
China Communications Construction Group Ltd;China Communications Construction Group Ltd;101019
China Communications Construction Group Ltd ;China Communications Construction Company Ltd;100731
China Communications Construction Group Ltd ;China Urban-Rural Holding Group Co Ltd;200724
China Datang Corporation Ltd;China Datang Corporation Ltd;800006
China Datang Corporation Ltd ;Datang International Power Generation Co Ltd;100247
China Energy Engineering Corporation Ltd;China Energy Engineering Corporation Ltd;800517
China Energy Engineering Group Co Ltd;China Energy Engineering Group Co Ltd;800854
China Gas Holdings Ltd;China Gas Holdings Ltd;200197
China General Nuclear Power Corporation;China General Nuclear Power Corporation;800071
China General Nuclear Power Corporation ;CGN Daesan Power Co Ltd;800813
China General Nuclear Power Corporation ;CGN New Energy Holdings Co Ltd;800562
China High-Tech Industrialization Association;China High-Tech Industrialization Association;200639
China Huadian Corporation Ltd;China Huadian Corporation Ltd;200031
China Huadian Corporation Ltd ;Sichuan Huadian Neijiang Gas Power Generation Co Ltd;800633
China Huaneng Group Co Ltd;China Huaneng Group Co Ltd;800065
China National Offshore Oil Corporation;China National Offshore Oil Corporation;200068
China National Offshore Oil Corporation ;CNOOC Gas & Power Group Co Ltd;800620
China National Offshore Oil Corporation ;CNOOC Hainan Power Generation Co Ltd;800619
China National Offshore Oil Corporation ;CNOOC Ltd;100020
China National Offshore Oil Corporation ;CNOOC Shenzhen Power Co Ltd;800621
China National Petroleum Corporation (CNPC);China National Petroleum Corporation (CNPC);100045
China National Petroleum Corporation (CNPC) ;KunLun Energy Company Ltd;100249
China National Petroleum Corporation (CNPC) ;PetroChina Company Ltd;100004
China National Petroleum Corporation (CNPC) ;Petrochina Kunlun Gas Co Ltd;100249,1
China North Industries Group Corporation Ltd;China North Industries Group Corporation Ltd;200620
China North Industries Group Corporation Ltd ;China North Industries Corporation Ltd;200662
China North Industries Group Corporation Ltd ;China ZhenHua Oil Co Ltd;100173
China Oil & Gas Pipeline Network Corporation (PipeChina);China Oil & Gas Pipeline Network Corporation (PipeChina);200087
China Oil & Gas Pipeline Network Corporation (PipeChina) ;PipeChina Beihai LNG Co Ltd;200468
China Oil & Gas Pipeline Network Corporation (PipeChina) ;PipeChina Guangdong Pipeline Network Co Ltd;200474
China Oil & Gas Pipeline Network Corporation (PipeChina) ;PipeChina Nanshan (Shandong) Natural Gas Co Ltd;200470
China Oil & Gas Pipeline Network Corporation (PipeChina) ;PipeChina West-East Gas Transmission Branch Co;200477
China Petrochemical Corporation (Sinopec Group);China Petrochemical Corporation (Sinopec Group);100050
China Petrochemical Corporation (Sinopec Group) ;China Petroleum & Chemical Corporation (Sinopec Corp);100024
China Petrochemical Corporation (Sinopec Group) ;Guangxi Gas Group Co Ltd;200469
China Railway Gallon (Linhai) LNG Co Ltd;China Railway Gallon (Linhai) LNG Co Ltd;200489
China Reform Holdings Corporation Ltd;China Reform Holdings Corporation Ltd;800855
China Resources Co Ltd;China Resources Co Ltd;200549
China Resources Co Ltd ;China Resources (Holdings) Co Ltd;200550
China Resources Co Ltd ;China Resources Gas Group Ltd;200722
China Resources Power Holdings Co Ltd;China Resources Power Holdings Co Ltd;800172
China Southern Power Grid Co Ltd;China Southern Power Grid Co Ltd;800402
China Suntien Green Energy Corporation Ltd;China Suntien Green Energy Corporation Ltd;200248
China Three Gorges Corporation;China Three Gorges Corporation;800853
China Three Gorges Corporation ;China Yangtze Power Co Ltd;801011
China Urban Rural (Yantai) LNG Co Ltd;China Urban Rural (Yantai) LNG Co Ltd;200545
China-Africa Fund for Industrial Cooperation Co Ltd;China-Africa Fund for Industrial Cooperation Co Ltd;100732
Chisholm Oil and Gas Operating LLC;Chisholm Oil and Gas Operating LLC;100512
CHN ENERGY Investment Group Co Ltd;CHN ENERGY Investment Group Co Ltd;800201
CHN ENERGY Investment Group Co Ltd ;China Shenhua Energy Co Ltd (CSEC);800013
CHN ENERGY Investment Group Co Ltd ;GD Power Development Co Ltd;800886
Chongqing Changye Technology Co Ltd;Chongqing Changye Technology Co Ltd;200622
Chongqing Gas Group Corporation Ltd;Chongqing Gas Group Corporation Ltd;200397
Chongqing Three Gorges Water Conservancy and Electric Power Co Ltd;Chongqing Three Gorges Water Conservancy and Electric Power Co Ltd;800888
Chord Energy Corporation;Chord Energy Corporation;100140
Chubu Electric Power Company Inc;Chubu Electric Power Company Inc;200327
Chung Chia Power Co Ltd;Chung Chia Power Co Ltd;800578
Circle-S Energy LLC;Circle-S Energy LLC;100945
Citation Oil and Gas Corp;Citation Oil and Gas Corp;100823
Citizen Energy LLC;Citizen Energy LLC;100242
Civil Servants Pension Fund (CSPF);Civil Servants Pension Fund (CSPF);800268
Civil Servants Pension Fund (CSPF) ;Civil Pension Fund Investment Company;800842
Civil Servants Pension Fund (CSPF) ;Niro Taraz Piriz Co;800843
Civitas Resources Inc;Civitas Resources Inc;100753
CJSC Chernomorneftegaz;CJSC Chernomorneftegaz;100394
Clavenia Ltd;Clavenia Ltd;800015
Clavenia Ltd ;Larissa Thermoelectric SMSA;800016
Cleanenergy Resources SAS;Cleanenergy Resources SAS;101112
CLP Holdings Ltd;CLP Holdings Ltd;200277
CNX Resources Corporation;CNX Resources Corporation;100086
Coal Power Generation Company Bangladesh Ltd (CPGCBL);Coal Power Generation Company Bangladesh Ltd (CPGCBL);800073
Coastal Petroleum Dominicana SA;Coastal Petroleum Dominicana SA;800595
Coega Development Corporation Pty Ltd;Coega Development Corporation Pty Ltd;800218
Coelacanth Energy Inc;Coelacanth Energy Inc;100822
Colavi JSC;Colavi JSC;200326
Comanche Resources Company;Comanche Resources Company;100542
Comision Federal de Electricidad EPE (CFE);Comision Federal de Electricidad EPE (CFE);200212
Complexul Energetic Oltenia SA;Complexul Energetic Oltenia SA;800119
Complexul Energetic Oltenia SA ;CCGT Power Isalnita SA;800933
Comstock Resources Inc;Comstock Resources Inc;100082
Confidence Cement Ltd;Confidence Cement Ltd;800072
Confidence Infrastructure Ltd;Confidence Infrastructure Ltd;800652
Confidence Power Holdings Ltd;Confidence Power Holdings Ltd;800899
Confluence Resources LP;Confluence Resources LP;100538
Cong Thanh Cement JSC;Cong Thanh Cement JSC;800930
Cong Thanh Cement JSC ;Cong Thanh Thermal Power JSC;800931
Connacher Oil And Gas Ltd;Connacher Oil And Gas Ltd;100429
ConocoPhillips;ConocoPhillips;100025
Conrad Asia Energy Ltd;Conrad Asia Energy Ltd;100679
Continental Resources Inc;Continental Resources Inc;100061
Copelouzos Group;Copelouzos Group;800242
Coral Holding Ltd;Coral Holding Ltd;101040
Coral Holding Ltd ;Pakistan Oilfields Ltd;100381
Corex Resources Ltd;Corex Resources Ltd;100531
Corporacion Masaveu SA;Corporacion Masaveu SA;800962
Cosan SA;Cosan SA;200063
Cosan SA ;Companhia de Gas de Sao Paulo - COMGAS;200577
Cosan SA ;Compass Gas e Energia SA;200573
Cosan SA ;Rota 4 Participacoes SA;200578
Coterra Energy Inc;Coterra Energy Inc;100056
Court Investments Ltd;Court Investments Ltd;801000
Court Investments Ltd ;Competitive Power Ventures Inc;800122
Court Investments Ltd ;CPV Basin Ranch Holdings LLC;801020
Court Investments Ltd ;Kenon Holdings Ltd;800337
Court Investments Ltd ;OPC Energy Ltd;800669
Cowan Petroleo e Gas SA;Cowan Petroleo e Gas SA;100909
Coyote Clean Power LLC;Coyote Clean Power LLC;800707
CPC Corporation Taiwan;CPC Corporation Taiwan;100365
CPS Energy Inc;CPS Energy Inc;800978
CPX Energy LLC;CPX Energy LLC;101062
Crawley Petroleum Corporation;Crawley Petroleum Corporation;100932
CREDITAS BV;CREDITAS BV;800932
Crescent Energy Company;Crescent Energy Company;100667
Crescent Pass Energy LLC;Crescent Pass Energy LLC;100782
Crescent Petroleum Company International Ltd;Crescent Petroleum Company International Ltd;100305
Crew Energy Inc;Crew Energy Inc;100367
Crimson Energy Partners V LLC;Crimson Energy Partners V LLC;101100
Crowheart Energy LLC;Crowheart Energy LLC;100519
Crown LNG Holdings Ltd;Crown LNG Holdings Ltd;200680
Crown LNG Holdings Ltd ;Crown LNG India AS;200491
CrownQuest Operating LLC;CrownQuest Operating LLC;100177
CS Energia SA;CS Energia SA;200719
CS Energia SA ;Transportadora de Gas Brasil Central SA;200160
Custos Investments (Pty) Ltd;Custos Investments (Pty) Ltd;101070
Cyfield Group;Cyfield Group;800375
Cyfield Group ;P.E.C. Powerenergy Cyprus Ltd;800147
Dagang NeXchange Bhd;Dagang NeXchange Bhd;101044
Dagang NeXchange Bhd ;Ping Petroleum UK Plc;100851
Dairyland Power Cooperative;Dairyland Power Cooperative;800349
Dalian City Construction Investment Group Co Ltd;Dalian City Construction Investment Group Co Ltd;200437
Dana Gas PJSC;Dana Gas PJSC;100222
Dangote Industries Ltd;Dangote Industries Ltd;100947
Daniel Caesarea Holdings in Dalia LP;Daniel Caesarea Holdings in Dalia LP;800988
Delek Group Ltd;Delek Group Ltd;100118
Delek Group Ltd ;Ithaca Energy plc;100960
Delek Group Ltd ;NewMed Energy LP;200459
Delta Energetika d.o.o.;Delta Energetika d.o.o.;800276
Delta Offshore Energy Pte Ltd;Delta Offshore Energy Pte Ltd;200131
Delta Offshore Energy Pte Ltd ;Bac Lieu LNG Power Co Ltd;800752
DEPA Commercial SA;DEPA Commercial SA;200182
DEPA International Projects SA;DEPA International Projects SA;200565
Derby Exploration LLC;Derby Exploration LLC;100786
Deutsche Energy Terminal GmbH;Deutsche Energy Terminal GmbH;200714
Deutsche Rohstoff AG;Deutsche Rohstoff AG;101009
Deutsche Rohstoff AG ;1876 Resources LLC;100682
Development Partners Group LLC;Development Partners Group LLC;800161
Development Partners Group LLC ;Marshall Energy Center LLC;800691
Devon Energy Corporation;Devon Energy Corporation;100051
Dhi Qar Oil Company (DQOC);Dhi Qar Oil Company (DQOC);100185
Diamondback Energy Inc;Diamondback Energy Inc;100067
Dirio Gas & Power Company Ltd;Dirio Gas & Power Company Ltd;800919
Dirio Gas & Power Company Ltd ;PAWA Generation PNG Ltd;800920
Discovery Natural Resources LLC;Discovery Natural Resources LLC;100318
Discovery Operating Inc;Discovery Operating Inc;100723
Diversified Energy Company PLC;Diversified Energy Company PLC;100153
DJR Energy LLC;DJR Energy LLC;100453
DKRW Energy Partners LLC;DKRW Energy Partners LLC;200041
DNO ASA;DNO ASA;100164
Dominion Energy Inc;Dominion Energy Inc;100863
Dongguan Xinzu Industrial Investment Co Ltd;Dongguan Xinzu Industrial Investment Co Ltd;800607
Dongguan Zhongdian New Energy Thermal Power Co Ltd;Dongguan Zhongdian New Energy Thermal Power Co Ltd;801015
Dongying Urban Construction Development Group Co Ltd;Dongying Urban Construction Development Group Co Ltd;200705
Donlin Gold LLC;Donlin Gold LLC;200678
Dor Gas Exploration LP;Dor Gas Exploration LP;100787
Dorad Energy Ltd;Dorad Energy Ltd;800989
Double Eagle Energy Holdings IV LLC;Double Eagle Energy Holdings IV LLC;100962
Dow Inc;Dow Inc;100958
Dow Inc ;The Dow Chemical Company;100487
Drax Group plc;Drax Group plc;800138
Drax Group plc ;Hirwaun Power Ltd;800703
Drax Group plc ;Millbrook Power Ltd;800704
Drax Group plc ;Progress Power Ltd;800702
Dubai Electricity and Water Authority PJSC;Dubai Electricity and Water Authority PJSC;800115
Dubai Petroleum Establishment;Dubai Petroleum Establishment;100134
Dubai Supply Authority;Dubai Supply Authority;100621
Duke Energy Corporation;Duke Energy Corporation;800271
Duke Energy Corporation ;Duke Energy Carolinas LLC;800739
Duke Energy Corporation ;Duke Energy Progress LLC;800979
E1 Co Ltd;E1 Co Ltd;800981
E1 Co Ltd ;Yeosu Green Energy Co Ltd;800816
Eagle LNG Partners LLC;Eagle LNG Partners LLC;200275
Eagle LNG Partners LLC ;Eagle LNG Partners Jacksonville LLC;200594
EagleRidge Energy LLC;EagleRidge Energy LLC;100383
Earthstone Energy Inc;Earthstone Energy Inc;100361
Eastern Power Inc;Eastern Power Inc;800553
Eav Operator LLC;Eav Operator LLC;100981
Echelon Data Centres Ltd;Echelon Data Centres Ltd;801048
Ecopetrol SA;Ecopetrol SA;100041
ECV Holdings Inc (Energy Capital Vietnam);ECV Holdings Inc (Energy Capital Vietnam);200026
Eden Group Co Ltd;Eden Group Co Ltd;800641
Edison SpA;Edison SpA;100233
EDP – Energias de Portugal SA (EDP Group);EDP – Energias de Portugal SA (EDP Group);800039
Eesti Energia AS;Eesti Energia AS;100501
Egbin Power Plc;Egbin Power Plc;800638
Egyptian General Petroleum Corporation (EGPC);Egyptian General Petroleum Corporation (EGPC);100374
EIG Global Energy Partners LLC;EIG Global Energy Partners LLC;800722
EIG Global Energy Partners LLC ;West Burton C Ltd;800939
Electricite de France SA (EDF Group);Electricite de France SA (EDF Group);800023
Electricite du Liban (EDL);Electricite du Liban (EDL);800040
Electricity Authority of Cyprus (EAC);Electricity Authority of Cyprus (EAC);800452
Electricity Authority of Cyprus (EAC) ;EAC – Vasilikos Power Station;800868
Electricity Generating Authority of Thailand (EGAT);Electricity Generating Authority of Thailand (EGAT);800003
Electricity Generating Public Company Ltd (EGCO);Electricity Generating Public Company Ltd (EGCO);800902
Electricity Generating Public Company Ltd (EGCO) ;Quezon Power (Philippines) Ltd Co;800903
Electricity Supply Board (ESB);Electricity Supply Board (ESB);800316
Electrocentrale Borzesti SRL;Electrocentrale Borzesti SRL;800748
Elektroprivreda Crne Gore AD Niksic;Elektroprivreda Crne Gore AD Niksic;800097
Elevation Resources LLC;Elevation Resources LLC;100724
Elysian Brasil Exploracao e Producao de Petroleo e Gas Natural Ltda (Elysian Petroleum);Elysian Brasil Exploracao e Producao de Petroleo e Gas Natural Ltda (Elysian Petroleum);101071
Ember Resources Inc;Ember Resources Inc;100255
EmberClear Corp;EmberClear Corp;800056
EmberClear Corp ;Lincoln Land Energy Center LLC;800653
Emera Inc;Emera Inc;800130
Emirates National Oil Company Ltd (ENOC) LLC;Emirates National Oil Company Ltd (ENOC) LLC;100127
Empresa Brasileira de Administracao de Petroleo e Gas Natural SA – Pre-Sal Petroleo SA (PPSA);Empresa Brasileira de Administracao de Petroleo e Gas Natural SA – Pre-Sal Petroleo SA (PPSA);100788
Empresa Energy IV LLC;Empresa Energy IV LLC;100987
Empresa Metropolitana de Aguas e Energia SA;Empresa Metropolitana de Aguas e Energia SA;800525
Empresa Nacional de Hidrocarbonetos EP (ENH);Empresa Nacional de Hidrocarbonetos EP (ENH);100410
Empresa Nacional del Petroleo (ENAP);Empresa Nacional del Petroleo (ENAP);100192
Empresa Publica de Hidrocarburos del Ecuador (EP Petroecuador);Empresa Publica de Hidrocarburos del Ecuador (EP Petroecuador);100066
Enagas SA;Enagas SA;200130
Enauta Participacoes SA;Enauta Participacoes SA;100426
Enbridge Inc;Enbridge Inc;200149
Enbridge Inc ;East Tennessee Natural Gas LLC;200595
Enbridge Inc ;Rio Bravo Pipeline Company LLC;200526
Enbridge Inc ;Westcoast Connector Gas Transmission Ltd;200597
EnBW Energie Baden-Württemberg AG;EnBW Energie Baden-Württemberg AG;800251
Encino Energy LLC;Encino Energy LLC;100123
Endeavour Energy Resources LP;Endeavour Energy Resources LP;100097
Enduring Resources LLC;Enduring Resources LLC;100392
Enea SA;Enea SA;800010
Enea SA ;ENEA ELKOGAZ Sp. z o.o.;800917
Enel SpA;Enel SpA;200034
Enel SpA ;Endesa SA;800588
Enel SpA ;Nuove Energie SRL;200537
ENEOS Holdings Inc;ENEOS Holdings Inc;200274
ENEOS Holdings Inc ;JX Nippon Oil & Gas Exploration Corporation;100152
Energas Terminal Pvt Ltd;Energas Terminal Pvt Ltd;200414
Energean plc;Energean plc;100574
Energia 2000 SA;Energia 2000 SA;800095
Energia Argentina SA;Energia Argentina SA;200285
Energias Calumbi Ltda;Energias Calumbi Ltda;800570
Energie Beheer Nederland BV;Energie Beheer Nederland BV;100111
Energie Electrique de Tahaddart SA;Energie Electrique de Tahaddart SA;800589
Energies PH Inc;Energies PH Inc;800885
Energies PH Inc ;Mambulao Bay Clean Energy Corporation;800900
Energy Development Oman SAOC (EDO);Energy Development Oman SAOC (EDO);100042
Energy Transfer LP;Energy Transfer LP;200012
Energy Transfer LP ;Lake Charles LNG Export Company LLC;200504
Energy Transfer LP ;Warrior Pipeline LLC;200506
Energy World Corporation Ltd;Energy World Corporation Ltd;200020
Energy World Corporation Ltd ;PT South Sulawesi LNG;200561
Enerplus Corporation;Enerplus Corporation;100172
Enersok FE LLC;Enersok FE LLC;800719
EnerVest Ltd;EnerVest Ltd;100253
Eneva SA;Eneva SA;100414
Engie SA;Engie SA;200033
Engie SA ;ENGIE Energia Chile SA;800716
Engie SA ;GRTgaz SA;200564
Eni SpA;Eni SpA;100019
Eni SpA ;Vaar Energi ASA;100090
ENKA Insaat ve Sanayi AS;ENKA Insaat ve Sanayi AS;800996
ENKA Insaat ve Sanayi AS ;ENKA Kirklareli Elektrik Uretim AS;800997
Enlink Midstream LLC;Enlink Midstream LLC;200457
ENN Natural Gas Co Ltd;ENN Natural Gas Co Ltd;200407
EnQuest PLC;EnQuest PLC;100225
Entergy Corporation;Entergy Corporation;800224
Enterprise Products Partners LP;Enterprise Products Partners LP;200141
Enterprise Products Partners LP ;SPOT Terminal Services LLC;200507
EnVen Energy Ventures LLC;EnVen Energy Ventures LLC;100296
EOG Resources Inc;EOG Resources Inc;100031
EP Investment Sarl;EP Investment Sarl;800895
EP Investment Sarl ;Energeticky a prumyslovy holding a.s. (EPH);800014
EP Investment Sarl ;EP Energy Transition a.s.;801043
EP Investment Sarl ;EP Infrastructure a.s.;800695
EP Investment Sarl ;EP Kilroot Ltd;801023
EP Investment Sarl ;EP UK Investments Ltd;801024
EP Investment Sarl ;Lausitz Energie Verwaltungs GmbH;801042
EP Investment Sarl ;LEAG Holding a.s.;800345
Epsilon Development Company LLC;Epsilon Development Company LLC;100544
Epsilon Energy Ltd;Epsilon Energy Ltd;100486
EQT AB;EQT AB;800943
EQT AB ;Statera Energy Ltd;800944
EQT AB ;Thurrock Flexible Generation Ltd;800947
EQT Corporation;EQT Corporation;100034
Equinor ASA;Equinor ASA;100018
Equinor ASA ;Equinor New Energy Ltd;800941
Escondido Resources II LLC;Escondido Resources II LLC;100315
Esfahan’s Mobarakeh Steel Company (MSC);Esfahan’s Mobarakeh Steel Company (MSC);800838
Eskom Holdings SOC Ltd;Eskom Holdings SOC Ltd;800021
Esperanza Capital Partners LP;Esperanza Capital Partners LP;101102
Eswatini Electricity Company;Eswatini Electricity Company;800953
Etablissements Maurel & Prom SA;Etablissements Maurel & Prom SA;100326
Etu Energias SA;Etu Energias SA;101003
Eurasian Resources Group Sarl (ERG);Eurasian Resources Group Sarl (ERG);800215
Ever Power IPP Co Ltd;Ever Power IPP Co Ltd;800877
Everest Infrastructures LP;Everest Infrastructures LP;100881
Evolution Petroleum Corporation;Evolution Petroleum Corporation;100869
Evolution Power Partners SA;Evolution Power Partners SA;800518
Excelerate Energy Holdings LLC;Excelerate Energy Holdings LLC;200723
Excelerate Energy Holdings LLC ;Excelerate Energy Inc;200036
EXCO Resources Inc;EXCO Resources Inc;100248
Exxon Mobil Corporation;Exxon Mobil Corporation;100006
Exxon Mobil Corporation ;Imperial Oil Ltd;100135
Eyrie Energy Ltd;Eyrie Energy Ltd;101096
Fairwood Peninsula Energy Corp;Fairwood Peninsula Energy Corp;200021
Farab Co;Farab Co;800336
Fasken Oil and Ranch Ltd;Fasken Oil and Ranch Ltd;100265
FGBU VNIGNI;FGBU VNIGNI;101101
FGE Power LLC;FGE Power LLC;800105
FGE Power LLC ;FGE Eagle Pines LLC;800668
FGE Power LLC ;FGE Texas I LLC;800666
FGE Power LLC ;FGE Texas II LLC;800667
FIER Thermoelectric Sh.a.;FIER Thermoelectric Sh.a.;800954
Finarvedi SpA;Finarvedi SpA;800479
Finley Resources Inc;Finley Resources Inc;100528
FireBird Energy II LLC;FireBird Energy II LLC;101086
First Pacific Company Ltd;First Pacific Company Ltd;800618
FIT Holding Co Ltd;FIT Holding Co Ltd;801044
FIT Holding Co Ltd ;Shinfox Energy Co Ltd;800579
Fjernvarme Fyn A/S;Fjernvarme Fyn A/S;800332
Fluxys NV;Fluxys NV;200029
Flywheel Energy LLC;Flywheel Energy LLC;100148
Fondi Italiani per le Infrastrutture SGR SpA (F2i);Fondi Italiani per le Infrastrutture SGR SpA (F2i);800399
Fondi Italiani per le Infrastrutture SGR SpA (F2i) ;Sorgenia SpA;800296
Foran Energy Group Co Ltd;Foran Energy Group Co Ltd;800180
Forge Energy II LLC;Forge Energy II LLC;100781
Formentera Partners LP;Formentera Partners LP;100865
Formosa Chemicals & Fibre Corporation;Formosa Chemicals & Fibre Corporation;800248
Formosa Petrochemical Corporation (FPCC);Formosa Petrochemical Corporation (FPCC);800249
Formosa Plastics Corporation;Formosa Plastics Corporation;800250
Fortescue Ltd;Fortescue Ltd;200684
Fortis Inc;Fortis Inc;200410
Foshan Investment Holdings Group Co Ltd;Foshan Investment Holdings Group Co Ltd;800862
Fossil Trading FZCO;Fossil Trading FZCO;100892
Foundation Energy Management LLC;Foundation Energy Management LLC;100468
FRAM Capital DTVM SA;FRAM Capital DTVM SA;800720
Franklin Mountain Energy LLC;Franklin Mountain Energy LLC;100840
Freeport LNG Investments LLLP;Freeport LNG Investments LLLP;200126
Freeport LNG Investments LLLP ;FLNG Liquefaction 4 LLC;200513
Frog Lake-Kanata LP;Frog Lake-Kanata LP;800908
Frontera Energy Corporation;Frontera Energy Corporation;100245
Frontera Energy Corporation ;CGX Energy Inc;100648
Fujairah Power Company F3 LLC;Fujairah Power Company F3 LLC;800950
Fujian Investment & Development Group Co Ltd;Fujian Investment & Development Group Co Ltd;200416
Fundare Resources Company LLC;Fundare Resources Company LLC;100866
GAIL (India) Ltd;GAIL (India) Ltd;100488
GAIL (India) Ltd ;Konkan LNG Ltd;200644
Galp Energia SGPS SA;Galp Energia SGPS SA;100169
Gas Project Development Central Asia AG;Gas Project Development Central Asia AG;100885
Gas y Petroleo del Neuquen SA;Gas y Petroleo del Neuquen SA;100483
Gastrade SA;Gastrade SA;200067
GBK Corporation;GBK Corporation;101033
GBK Corporation ;Kaiser-Francis Oil Company;100418
GCL (Group) Holdings Co Ltd;GCL (Group) Holdings Co Ltd;200463
GCL (Group) Holdings Co Ltd ;GCL Oil & Natural Gas Co Ltd;200395
GCL Energy Technology Co Ltd;GCL Energy Technology Co Ltd;800318
GE Vernova Inc;GE Vernova Inc;800975
Gecelca SA ESP;Gecelca SA ESP;800911
GEK TERNA SA;GEK TERNA SA;800341
Gen X Energy Pte Ltd;Gen X Energy Pte Ltd;800048
Generacion Mediterranea SA;Generacion Mediterranea SA;800381
Generacion Mediterranea SA ;Generacion Litoral SA;800964
Generadora Fenix SAPI de CV;Generadora Fenix SAPI de CV;800786
General Electricity Company of Libya;General Electricity Company of Libya;800030
Genesis Energy LP;Genesis Energy LP;200708
Genting Bhd;Genting Bhd;100570
Genting Bhd ;PT Layar Nusantara Gas;200645
GeoPark Ltd;GeoPark Ltd;100271
GeoSouthern Energy Corporation;GeoSouthern Energy Corporation;100149
GEPetrol;GEPetrol;100907
German LNG Terminal GmbH;German LNG Terminal GmbH;200402
GHA Barnett LLC;GHA Barnett LLC;100875
Ghadir Investment Company;Ghadir Investment Company;800159
Ghana National Petroleum Corporation (GNPC);Ghana National Petroleum Corporation (GNPC);100287
GIC Pte Ltd;GIC Pte Ltd;200697
Gigajoule International (Pty) Ltd;Gigajoule International (Pty) Ltd;200136
Glacier Oil & Gas Corp;Glacier Oil & Gas Corp;101104
Glenfarne Group LLC;Glenfarne Group LLC;200025
Glenfarne Group LLC ;Magnolia LNG LLC;200514
Glenfarne Group LLC ;Texas LNG Brownsville LLC;200515
Global Infrastructure Partners;Global Infrastructure Partners;200127
Global Participacoes em Energia SA;Global Participacoes em Energia SA;800060
Globaltec LLC;Globaltec LLC;200411
Golden Century International Holdings Group Ltd;Golden Century International Holdings Group Ltd;200695
Golgohar Mining & Industrial Co;Golgohar Mining & Industrial Co;800117
Gordy Oil Co Inc;Gordy Oil Co Inc;100557
Government Holdings (Private) Ltd (GHPL);Government Holdings (Private) Ltd (GHPL);100752
Government Holdings (Private) Ltd (GHPL) ;Inter State Gas Systems (Private) Ltd (ISGS);200534
Gran Tierra Energy Inc;Gran Tierra Energy Inc;100354
Grand River Dam Authority;Grand River Dam Authority;801005
Grand Titan Capital Holdings Inc;Grand Titan Capital Holdings Inc;800796
Grand Titan Capital Holdings Inc ;GT Capital Holdings Inc;800797
Grayson Mill Energy LLC;Grayson Mill Energy LLC;100759
Green CCGT Holding SRL;Green CCGT Holding SRL;800726
Greenfire Resources Ltd;Greenfire Resources Ltd;100977
Greenfire Resources Ltd ;Greenfire Resources Operating Corporation;100780
GreenSaif Pipelines Bidco Sarl;GreenSaif Pipelines Bidco Sarl;200481
Greenville Liquefied Natural Gas Company Ltd;Greenville Liquefied Natural Gas Company Ltd;200394
Greylock Energy LLC;Greylock Energy LLC;100407
Grit Oil & Gas II LLC;Grit Oil & Gas II LLC;100927
Grizzly Energy LLC;Grizzly Energy LLC;100284
Grupo Carso SAB de CV;Grupo Carso SAB de CV;100965
Grupo Topaz;Grupo Topaz;101032
Grupo Topaz ;Jaguar Exploracion y Produccion de Hidrocarburos SAPI de CV;100686
Grupo Vale Azul Participacoes Ltda;Grupo Vale Azul Participacoes Ltda;200271
GS Holdings Corp;GS Holdings Corp;100310
GS Holdings Corp ;GS Energy Co Ltd;800806
GS Holdings Corp ;GS Power Co Ltd;800804
Guangdong Hanjian Holdings Co Ltd;Guangdong Hanjian Holdings Co Ltd;801029
Guangdong Hengjian Investment Holding Co Ltd;Guangdong Hengjian Investment Holding Co Ltd;200475
Guangdong Hengjian Investment Holding Co Ltd ;Guangdong Electric Power Development Co Ltd;800219
Guangdong Hengjian Investment Holding Co Ltd ;Guangdong Energy Group Co Ltd;100620
Guangdong Hengjian Investment Holding Co Ltd ;Guangdong Energy Group Natural Gas Co Ltd;200263
Guangdong Zhuhai Golden Bay LNG Co Ltd;Guangdong Zhuhai Golden Bay LNG Co Ltd;200440
Guanghui Energy Co Ltd;Guanghui Energy Co Ltd;200080
Guangxi Investment Group Co Ltd;Guangxi Investment Group Co Ltd;200269
Guangxi Liuzhou Iron and Steel Group Co Ltd;Guangxi Liuzhou Iron and Steel Group Co Ltd;801025
Guangxi Liuzhou Iron and Steel Group Co Ltd ;Liuzhou Iron & Steel Co Ltd;801026
Guangzhou City Construction Investment Group;Guangzhou City Construction Investment Group;801027
Guangzhou Development District Holding Group Ltd;Guangzhou Development District Holding Group Ltd;800851
Guangzhou Hengyun Enterprises Holding Ltd;Guangzhou Hengyun Enterprises Holding Ltd;800174
Guangzhou Hi-tech Investment Group Corporation Ltd;Guangzhou Hi-tech Investment Group Corporation Ltd;800833
Guangzhou Industrial Investment and Capital Operation Holding Group Ltd;Guangzhou Industrial Investment and Capital Operation Holding Group Ltd;200462
Guangzhou Industrial Investment and Capital Operation Holding Group Ltd ;Guangzhou Development Group Inc;200393
Guizhou Dongli Energy Investment Co Ltd;Guizhou Dongli Energy Investment Co Ltd;200694
Guizhou Province Industrial Investment (Group) Co Ltd;Guizhou Province Industrial Investment (Group) Co Ltd;100873
Gujarat Maritime Board;Gujarat Maritime Board;200117
Gujarat State Petroleum Corporation Ltd;Gujarat State Petroleum Corporation Ltd;100953
Gujarat State Petronet Ltd;Gujarat State Petronet Ltd;200122
Gujarat State Petronet Ltd ;GSPL India Gasnet Ltd;200589
Gujarat State Petronet Ltd ;GSPL India Transco Ltd (GITL);200592
Gulf Energy Development Public Company Ltd;Gulf Energy Development Public Company Ltd;200010
Gulf Energy Development Public Company Ltd ;Gulf MTP LNG Terminal Company Ltd;200480
Gulf Energy Development Public Company Ltd ;Gulf PD Company Ltd;800639
Gulfport Energy Corporation;Gulfport Energy Corporation;100099
Gulfstream LNG Development LLC;Gulfstream LNG Development LLC;200533
GulfTex Energy IV LP;GulfTex Energy IV LP;100833
Guyana Power & Light Inc;Guyana Power & Light Inc;800387
H-Energy Pvt Ltd;H-Energy Pvt Ltd;200004
H-Energy Pvt Ltd ;Bengal Concessions Pvt Ltd;200587
H-Energy Pvt Ltd ;East Coast Concessions Pvt Ltd;200616
H-Energy Pvt Ltd ;Hooghly Pipelines Pvt Ltd;200586
Hai Linh Company Ltd;Hai Linh Company Ltd;200318
Haina Energy Holdings II;Haina Energy Holdings II;800965
Haina Energy Holdings II ;Haina Investment Co Ltd;800591
Haina Energy Holdings II ;Manzanillo Gas & Power SA;800787
Hainan Mining Co Ltd;Hainan Mining Co Ltd;100980
Hainan Runqiong Energy Co Ltd;Hainan Runqiong Energy Co Ltd;200727
Hamburger Energiewerke GmbH;Hamburger Energiewerke GmbH;800751
Hammerhead Energy Inc;Hammerhead Energy Inc;100309
Hancock Prospecting Pty Ltd;Hancock Prospecting Pty Ltd;100893
Hannathon Petroleum II LLC;Hannathon Petroleum II LLC;101082
Hanseatic Energy Hub GmbH;Hanseatic Energy Hub GmbH;200028
Hanwha Energy Corporation;Hanwha Energy Corporation;800277
Hanyang Corporation Co Ltd;Hanyang Corporation Co Ltd;200105
Harbour Energy plc;Harbour Energy plc;100107
Harlow International;Harlow International;801016
HD Hyundai Co Ltd;HD Hyundai Co Ltd;800569
HD Hyundai Co Ltd ;HD Hyundai E&F Co Ltd;800812
HD Hyundai Co Ltd ;HD Hyundai Oilbank Co Ltd;800811
Headwater Exploration Inc;Headwater Exploration Inc;100778
Hebei Anfeng Iron And Steel Group Co Ltd;Hebei Anfeng Iron And Steel Group Co Ltd;801033
Hebei Province Construction & Investment Group Co Ltd;Hebei Province Construction & Investment Group Co Ltd;200199
Heirs Energies Ltd;Heirs Energies Ltd;100795
Helios Investment Partners LLP;Helios Investment Partners LLP;200335
Hellenic Gas Transmission System Operator SA (DESFA);Hellenic Gas Transmission System Operator SA (DESFA);200236
HELLENiQ ENERGY Holdings SA;HELLENiQ ENERGY Holdings SA;200428
Henan Investment Group Co Ltd;Henan Investment Group Co Ltd;200434
Henry Resources LLC;Henry Resources LLC;100421
HEQ Deepwater LLC;HEQ Deepwater LLC;100803
Hess Corporation;Hess Corporation;100062
HG Energy LLC;HG Energy LLC;100197
Hibernia Energy III LLC;Hibernia Energy III LLC;100447
Hibiscus Petroleum Bhd;Hibiscus Petroleum Bhd;100456
HighPeak Energy Inc;HighPeak Energy Inc;100576
Hilcorp Energy Company;Hilcorp Energy Company;100077
HitecVision AS;HitecVision AS;101037
HitecVision AS ;NEO Energy Group Ltd;100757
HK Electric Investments and HK Electric Investments Ltd;HK Electric Investments and HK Electric Investments Ltd;800205
Hokkaido Electric Power Co Inc;Hokkaido Electric Power Co Inc;800528
Houston Energy LP;Houston Energy LP;100578
Hrvatska Elektroprivreda D.D. (HEP);Hrvatska Elektroprivreda D.D. (HEP);200088
Hrvatska Elektroprivreda D.D. (HEP) ;LNG Hrvatska d.o.o.;200496
Huadian Jinan Zhangqiu Thermal Power Co Ltd;Huadian Jinan Zhangqiu Thermal Power Co Ltd;800628
Huadian Power International Co Ltd;Huadian Power International Co Ltd;800017
Huaihe Energy Holding Group Co Ltd;Huaihe Energy Holding Group Co Ltd;200260
Huaihe Energy Holding Group Co Ltd ;Huainan Mining (Group) Co Ltd;200076
Huaneng Power International Inc;Huaneng Power International Inc;800031
Huaneng Power International Inc ;Huaneng Shandong Power Generation Ltd;800872
Huaying Investment Holding Group LLC;Huaying Investment Holding Group LLC;200043
Hubei Energy Group Co Ltd;Hubei Energy Group Co Ltd;200717
Huizhou Dayawan Petrochemical Investment Group Co Ltd;Huizhou Dayawan Petrochemical Investment Group Co Ltd;800370
Huizhou Port Investment Group Co Ltd;Huizhou Port Investment Group Co Ltd;800599
Hulunbeier Urban Construction Investment (Group) Co Ltd;Hulunbeier Urban Construction Investment (Group) Co Ltd;200721
Hunan Energy Investment Group Co Ltd;Hunan Energy Investment Group Co Ltd;200288
Hunt Consolidated Inc;Hunt Consolidated Inc;101028
Hunt Consolidated Inc ;Hunt Oil Company Inc;100144
Hunter Gas Pipeline Pty Ltd;Hunter Gas Pipeline Pty Ltd;200161
HWN Energy Ltd;HWN Energy Ltd;101084
Hyundai Engineering & Construction Co Ltd;Hyundai Engineering & Construction Co Ltd;800197
Hyundai Motor Company;Hyundai Motor Company;800810
i3 Energy Plc;i3 Energy Plc;100772
Ibom Power Company Ltd;Ibom Power Company Ltd;800275
IDACORP Inc;IDACORP Inc;800676
IFM Investors Pty Ltd;IFM Investors Pty Ltd;200635
IGI Poseidon SA;IGI Poseidon SA;200145
IHB Ltd;IHB Ltd;200590
IKAV Capital Partners GmbH;IKAV Capital Partners GmbH;101029
IKAV Capital Partners GmbH ;IKAV Energy Inc;100209
ILX Holdings III LLC;ILX Holdings III LLC;100509
IMC Ltd;IMC Ltd;200180
Imetame Metalmecanica Ltda;Imetame Metalmecanica Ltda;800520
Imetame Metalmecanica Ltda ;Imetame Energia SA;101006
Impact Exploration And Production LLC;Impact Exploration And Production LLC;100540
Impact Oil and Gas Ltd;Impact Oil and Gas Ltd;100809
INA-Industrija nafte d.d.;INA-Industrija nafte d.d.;100758
Indian Oil Corporation Ltd;Indian Oil Corporation Ltd;100212
Indra Cita Sdn Bhd;Indra Cita Sdn Bhd;800521
Indra Cita Sdn Bhd ;MMC Corporation Bhd;800522
Indradhanush Gas Grid Ltd (IGGL);Indradhanush Gas Grid Ltd (IGGL);200585
Industrial Energy Ltd;Industrial Energy Ltd;800972
INEOS Ltd;INEOS Ltd;100218
Infinity Natural Resources LLC;Infinity Natural Resources LLC;100870
Inflection Energy LLC;Inflection Energy LLC;100432
INPEX Corporation;INPEX Corporation;100047
INPEX Corporation ;INPEX Idemitsu Norge AS;100347
InPlay Oil Corp;InPlay Oil Corp;100850
Interconnect Malta Ltd;Interconnect Malta Ltd;200229
InterEnergy Holdings Ltd;InterEnergy Holdings Ltd;800339
InterEnergy Holdings Ltd ;Group Energy Gas Panama SRL;800710
Intermountain Power Agency;Intermountain Power Agency;800192
International Petroleum Corporation (IPC);International Petroleum Corporation (IPC);100709
Invenergy LLC;Invenergy LLC;800207
Invictus Energy Ltd;Invictus Energy Ltd;100827
IOG Capital LP;IOG Capital LP;100499
Iraq Ministry of Electricity;Iraq Ministry of Electricity;800027
Iren SpA;Iren SpA;800304
Iron Oil Operating LLC;Iron Oil Operating LLC;101087
Israel Natural Gas Lines Ltd;Israel Natural Gas Lines Ltd;200286
Isramco Negev 2 LP;Isramco Negev 2 LP;100279
ITOCHU Corporation;ITOCHU Corporation;100166
J&T Capital Partners a.s.;J&T Capital Partners a.s.;801022
Jadestone Energy plc;Jadestone Energy plc;100431
Jamaica Public Service Company Ltd;Jamaica Public Service Company Ltd;800600
James Richardson & Sons Ltd;James Richardson & Sons Ltd;101055
James Richardson & Sons Ltd ;Tundra Oil & Gas Ltd;100333
Janus Continental Group Ltd;Janus Continental Group Ltd;800266
Janus Continental Group Ltd ;GL Africa Energy Ltd;800386
Janus Continental Group Ltd ;GL Energy Mocambique SA;800657
Japan Organization for Metals and Energy Security (JOGMEC);Japan Organization for Metals and Energy Security (JOGMEC);100179
Japan Petroleum Exploration Co Ltd (JAPEX);Japan Petroleum Exploration Co Ltd (JAPEX);100215
Jay-Bee Oil & Gas Inc;Jay-Bee Oil & Gas Inc;100364
JERA Co Inc;JERA Co Inc;100790
Jetta Operating Company Inc;Jetta Operating Company Inc;100479
JG Summit Holdings Inc;JG Summit Holdings Inc;800617
Jiangsu Guoxin Investment Group Ltd;Jiangsu Guoxin Investment Group Ltd;200075
Jiangsu Huadian Ganyu LNG Co Ltd;Jiangsu Huadian Ganyu LNG Co Ltd;200546
Jiangsu Junhui Enterprise Management Center LP;Jiangsu Junhui Enterprise Management Center LP;800893
Jiangsu Zhongchengda Electromechanical Equipment Engineering Co Ltd;Jiangsu Zhongchengda Electromechanical Equipment Engineering Co Ltd;200551
Jiangxi Jovo Energy Co Ltd;Jiangxi Jovo Energy Co Ltd;200613
Jiangxi Province Investment Group Co Ltd;Jiangxi Province Investment Group Co Ltd;200487
Jiangxi Tonghejiali Technology Co Ltd;Jiangxi Tonghejiali Technology Co Ltd;801037
Jiangyin Xinguolian Group Co Ltd;Jiangyin Xinguolian Group Co Ltd;800141
Jieneng Heat Supply Power Plant Co Ltd;Jieneng Heat Supply Power Plant Co Ltd;800889
Jilin Electric Power Co Ltd;Jilin Electric Power Co Ltd;801030
Jinan Energy Group Co Ltd;Jinan Energy Group Co Ltd;800629
Jingye Steel Group Co Ltd;Jingye Steel Group Co Ltd;801034
Jonah Energy LLC;Jonah Energy LLC;100268
Journey Energy Inc;Journey Energy Inc;100979
JP Srbijagas;JP Srbijagas;200261
JSC AstanaGas KMG;JSC AstanaGas KMG;200700
JSC Azerenerji;JSC Azerenerji;800185
JSC Georgian Oil and Gas Corporation;JSC Georgian Oil and Gas Corporation;200185
JSC Georgian Oil and Gas Corporation ;Gardabani TPP 3 LLC;800870
JSC Independent Petroleum Company (NNK);JSC Independent Petroleum Company (NNK);100276
JSC INK-Capital;JSC INK-Capital;101031
JSC INK-Capital ;Irkutsk Oil Company LLC;100101
JSC NK Neftisa;JSC NK Neftisa;100137
JSC Power Plants of North Macedonia (AD ESM);JSC Power Plants of North Macedonia (AD ESM);800153
JSC RusGazDobycha;JSC RusGazDobycha;100616
JSC Tatenergo;JSC Tatenergo;800187
JSC TenderResurs;JSC TenderResurs;100891
JSC Thermal Power Plants;JSC Thermal Power Plants;800069
JSC Tuymaada-Neft;JSC Tuymaada-Neft;101076
JSC Uzbekneftegaz;JSC Uzbekneftegaz;100036
JSC Verkhne-Volzhskaya Generating Company (VVGK);JSC Verkhne-Volzhskaya Generating Company (VVGK);800178
JSC Zarubezhneft;JSC Zarubezhneft;100184
Juhua Group Corporation;Juhua Group Corporation;800253
Juneau Oil & Gas LLC;Juneau Oil & Gas LLC;101077
K. Ellinas Energy Ltd;K. Ellinas Energy Ltd;801017
K. Ellinas Energy Ltd ;Paramount Energy Corporation Ltd;801018
Kanata Clean Power & Climate Technologies Corp;Kanata Clean Power & Climate Technologies Corp;800585
KAR Group;KAR Group;100719
Karadeniz Holding AS;Karadeniz Holding AS;200338
Karadeniz Holding AS ;Karpowership SA (Pty) Ltd;800890
Karak International Oil PSC;Karak International Oil PSC;101091
Karnataka Power Corporation Ltd;Karnataka Power Corporation Ltd;800328
Karoon Energy Ltd;Karoon Energy Ltd;100584
Karve Energy Inc;Karve Energy Inc;100506
Kazakhmys Energy LLP;Kazakhmys Energy LLP;800384
Kazanci Holding AS;Kazanci Holding AS;800194
Kazanci Holding AS ;Aksa Energy Kyzylorda LLP;800990
Kazanci Holding AS ;Aksa Enerji Talimarjan FE LLC;800995
Kazanci Holding AS ;Aksa Enerji Uretim AS;800823
Keerthi Industries Ltd;Keerthi Industries Ltd;100950
Kelt Exploration Ltd;Kelt Exploration Ltd;100345
Keppel Asia Infrastructure Fund LP;Keppel Asia Infrastructure Fund LP;800907
Keppel Asia Infrastructure Fund LP ;Keppel Sakra Cogen Pte Ltd;800906
Keppel Ltd;Keppel Ltd;800555
Killam Oil Co Ltd;Killam Oil Co Ltd;100923
Kimmeridge Energy Management Company LLC;Kimmeridge Energy Management Company LLC;100871
Kimmeridge Energy Management Company LLC ;Commonwealth LNG LLC;200023
Kina Petroleum Corporation;Kina Petroleum Corporation;200124
Kinder Morgan Inc;Kinder Morgan Inc;100181
Kinder Morgan Inc ;Gulf LNG Liquefaction Company LLC;200516
Kinder Morgan Inc ;Kinder Morgan Energy Partners LP;200671
Kineticor Resource Corp;Kineticor Resource Corp;800867
Kinetiko Energy Ltd;Kinetiko Energy Ltd;101000
Kistos Holdings plc;Kistos Holdings plc;100824
KJ Energy LLC;KJ Energy LLC;100500
KKR & Co Inc;KKR & Co Inc;200188
Kochi Salem Pipeline Pvt Ltd;Kochi Salem Pipeline Pvt Ltd;200591
Koda Resources LLC;Koda Resources LLC;100533
Konsorcium Energia MK;Konsorcium Energia MK;800188
Konsorcium Energia MK ;TPP-Bobov Dol AD;800955
Korea Electric Power Corporation (KEPCO);Korea Electric Power Corporation (KEPCO);800000
Korea Electric Power Corporation (KEPCO) ;Guam Ukudu Power LLC;801001
Korea Electric Power Corporation (KEPCO) ;KEPCO for Power Company;800793
Korea Electric Power Corporation (KEPCO) ;Korea East-West Power Co Ltd;800686
Korea Electric Power Corporation (KEPCO) ;Korea Midland Power Co Ltd;800687
Korea Electric Power Corporation (KEPCO) ;Korea South-East Power Co Ltd;800688
Korea Electric Power Corporation (KEPCO) ;Korea Southern Power Co Ltd;800689
Korea Electric Power Corporation (KEPCO) ;Korea Western Power Co Ltd;800690
Korea Gas Corporation (KOGAS);Korea Gas Corporation (KOGAS);100114
Korea National Oil Corporation (KNOC);Korea National Oil Corporation (KNOC);100139
Korea National Oil Corporation (KNOC) ;Dana Petroleum Ltd;100267
Korea Overseas Infrastructure & Urban Development Corporation;Korea Overseas Infrastructure & Urban Development Corporation;801007
Korporata Elektroenergjitike Shqiptare Sh.a. (KESH);Korporata Elektroenergjitike Shqiptare Sh.a. (KESH);800359
Kosmos Energy Ltd;Kosmos Energy Ltd;100200
Kraken Resources LLC;Kraken Resources LLC;100290
Kratos Co Ltd;Kratos Co Ltd;800805
Kumul Petroleum Holdings Ltd;Kumul Petroleum Holdings Ltd;100266
Kunlun Electric Power Co Ltd;Kunlun Electric Power Co Ltd;200702
Kuwait Authority for Partnership Projects (KAPP);Kuwait Authority for Partnership Projects (KAPP);800001
Kuwait Ministry of Electricity and Water and Renewable Energy;Kuwait Ministry of Electricity and Water and Renewable Energy;800012
Kuwait Petroleum Corporation (KPC);Kuwait Petroleum Corporation (KPC);100009
Kyushu Electric Power Co Inc;Kyushu Electric Power Co Inc;800109
Lakeland Electric;Lakeland Electric;800742
Laramie Energy LLC;Laramie Energy LLC;100334
Lario Oil & Gas Company;Lario Oil & Gas Company;100373
Latigo Petroleum LLC;Latigo Petroleum LLC;100535
Lee & Man Paper Manufacturing Ltd;Lee & Man Paper Manufacturing Ltd;800176
Leros Energia e Participacoes SA;Leros Energia e Participacoes SA;800550
Lewis Energy Group LP;Lewis Energy Group LP;100203
LF del Centro SC de RL de CV;LF del Centro SC de RL de CV;800785
Liberty Resources II LLC;Liberty Resources II LLC;100518
Lime Rock Resources;Lime Rock Resources;100260
Lindsayca Inc;Lindsayca Inc;800597
Linyi Investment Development Group Co Ltd;Linyi Investment Development Group Co Ltd;800400
LLOG Exploration Company LLC;LLOG Exploration Company LLC;100336
Lloyds Energy DMCC;Lloyds Energy DMCC;200423
Lloyds Energy DMCC ;Qilak LNG LLC;200572
LNG 21 LLC;LNG 21 LLC;200268
LNG 21 LLC ;West Delta LNG LLC;200523
LNG Alliance Pte Ltd;LNG Alliance Pte Ltd;200070
LNG Canada Development Inc;LNG Canada Development Inc;200451
LNG Medgas Terminal SRL;LNG Medgas Terminal SRL;200536
LNG Newfoundland and Labrador Ltd;LNG Newfoundland and Labrador Ltd;200418
LNG-9 Pte Ltd;LNG-9 Pte Ltd;800063
LNG-9 Pte Ltd ;GBTron Power Ltd;800730
Loan Asset Issuer LLC Series 2021 NG-1;Loan Asset Issuer LLC Series 2021 NG-1;100922
Lochard Energy (Iona Operations) Trust;Lochard Energy (Iona Operations) Trust;800822
Logan Energy Corp;Logan Energy Corp;100999
LOLA Energy III LLC;LOLA Energy III LLC;100771
Longkou Hengtong Energy Co Ltd;Longkou Hengtong Energy Co Ltd;200543
Longshore Resources Ltd;Longshore Resources Ltd;100768
Lopez Holdings Corporation;Lopez Holdings Corporation;800081
Lopez Holdings Corporation ;First Gen Corporation;200314
Lopez Holdings Corporation ;First Philippine Holdings Corporation;800734
Lower Colorado River Authority;Lower Colorado River Authority;800745
Lucero Energy Corp;Lucero Energy Corp;100457
Lumcloon Energy Ltd;Lumcloon Energy Ltd;800132
Luminus Seraing 2.0 SA;Luminus Seraing 2.0 SA;800725
LX International Corp;LX International Corp;200718
Lynx Energy ULC;Lynx Energy ULC;100404
Lyon Capital Gestao de Recursos SA;Lyon Capital Gestao de Recursos SA;200715
Lyon Capital Gestao de Recursos SA ;LC Terminais Portuarios Ltda;200716
M6 Midstream LLC;M6 Midstream LLC;200698
Macau Natural Gas Company Ltd;Macau Natural Gas Company Ltd;200052
Mach Natural Resources LP;Mach Natural Resources LP;101060
Mack Energy Corporation;Mack Energy Corporation;100989
Macquarie Group Ltd;Macquarie Group Ltd;200709
Mad Energy LP;Mad Energy LP;200603
MAEC LLP;MAEC LLP;800149
Magnolia Oil & Gas Corporation;Magnolia Oil & Gas Corporation;100186
Mai Liao Harbor Administration Corporation;Mai Liao Harbor Administration Corporation;200726
Mainova AG;Mainova AG;800213
Mainstream Renewable Power Ltd;Mainstream Renewable Power Ltd;800916
Malakoff Corporation Bhd;Malakoff Corporation Bhd;800755
Mallard Exploration LLC;Mallard Exploration LLC;100539
Manila Electric Company (Meralco);Manila Electric Company (Meralco);800614
Manila Electric Company (Meralco) ;Atimonan One Energy Inc;800881
Manila Electric Company (Meralco) ;Excellent Energy Resources Inc;800756
Manila Electric Company (Meralco) ;Global Luzon Energy Development Corporation;800798
Manzanillo Energy SAS;Manzanillo Energy SAS;800596
Maoming Bohe LNG Co Ltd;Maoming Bohe LNG Co Ltd;200544
Marathon Oil Corporation;Marathon Oil Corporation;100052
Mari Petroleum Company Ltd;Mari Petroleum Company Ltd;100141
Mariveles Power Inc;Mariveles Power Inc;800135
Marubeni Corporation;Marubeni Corporation;100257
Mass Group Holding Ltd;Mass Group Holding Ltd;800163
Master Energy Group Co Ltd;Master Energy Group Co Ltd;200689
Matador Resources Company;Matador Resources Company;100157
Matola Gas Company SA (MGC);Matola Gas Company SA (MGC);800077
Maverick Natural Resources LLC;Maverick Natural Resources LLC;100327
Maxim Power Corp;Maxim Power Corp;800302
Maxim Power Corp ;Prairie Lights Power GP Inc;800859
Maximus Investment Advisory Pvt Ltd;Maximus Investment Advisory Pvt Ltd;200659
Maxson LNG Ventures LLC;Maxson LNG Ventures LLC;200502
MB Holding Company LLC;MB Holding Company LLC;101042
MB Holding Company LLC ;Petrogas E&P LLC;100300
MedGas Italia SRL;MedGas Italia SRL;200535
Mediterranean Gas SA;Mediterranean Gas SA;200425
MEG Energy Corp;MEG Energy Corp;100183
Mega International Commercial Bank Co Ltd;Mega International Commercial Bank Co Ltd;800832
Meiya Xiangtou Power Co Ltd;Meiya Xiangtou Power Co Ltd;800926
Meranti Power Pte Ltd;Meranti Power Pte Ltd;800974
Mercuria Energy Group Holding Ltd;Mercuria Energy Group Holding Ltd;101043
Mercuria Energy Group Holding Ltd ;Phoenix Global Resources Ltd;100563
Merit Energy Company LLC;Merit Energy Company LLC;100115
MERO CR a.s.;MERO CR a.s.;200228
Meshek Energy Renewable Energies Ltd;Meshek Energy Renewable Energies Ltd;800987
Meshek Energy Renewable Energies Ltd ;Dalia Energy Companies Ltd;800986
Mesquite Energy Inc;Mesquite Energy Inc;100226
Metlen Energy & Metals SA;Metlen Energy & Metals SA;800195
Metro Pacific Investments Corporation;Metro Pacific Investments Corporation;800616
Mewbourne Holdings Inc;Mewbourne Holdings Inc;101036
Mewbourne Holdings Inc ;Mewbourne Oil Company;100102
Mexico Pacific Limited LLC;Mexico Pacific Limited LLC;200500
MGE Energy Inc;MGE Energy Inc;801003
Microsoft Corporation;Microsoft Corporation;800951
Midland Oil Company;Midland Oil Company;100887
Midwestern Oil & Gas Company Ltd;Midwestern Oil & Gas Company Ltd;100941
Millennium Energy Inc;Millennium Energy Inc;800092
Millennium Energy Inc ;PanAsia Energy Inc;800735
Mineral Resources Ltd;Mineral Resources Ltd;100855
Missan Oil Company;Missan Oil Company;100133
Mitsubishi Corporation;Mitsubishi Corporation;100089
Mitsubishi Heavy Industries Ltd;Mitsubishi Heavy Industries Ltd;800643
Mitsui & Co Ltd;Mitsui & Co Ltd;100078
Mitsui OSK Lines Ltd;Mitsui OSK Lines Ltd;200336
Mivtach Shamir Holdings Ltd;Mivtach Shamir Holdings Ltd;800311
Mivtach Shamir Holdings Ltd ;Kesem Energy Ltd;800802
MOL NyRt;MOL NyRt;100170
MOL NyRt ;FGSZ Foldgazszallito Zrt;200495
Molecular Energies Ltd;Molecular Energies Ltd;100585
Moss Lake Partners LP;Moss Lake Partners LP;200710
Moss Lake Partners LP ;DeLa Express LLC;200711
Mota-Engil SGPS SA;Mota-Engil SGPS SA;800543
Motor Oil (Hellas) Corinth Refineries SA;Motor Oil (Hellas) Corinth Refineries SA;200427
Mountain Capital Management LLC;Mountain Capital Management LLC;101023
Mountain Capital Management LLC ;Compass Production Partners LP;100405
Mountain State Energy Holding LLC;Mountain State Energy Holding LLC;800664
Mountain State Energy Holding LLC ;Mountain State Clean Energy LLC;800665
Mountain Valley Pipeline LLC;Mountain Valley Pipeline LLC;200508
Moz LNG1 Holding Company Ltd;Moz LNG1 Holding Company Ltd;200446
MPR Sarmatia Sp. z o.o.;MPR Sarmatia Sp. z o.o.;200184
MRC Alon Tavor Power Ltd;MRC Alon Tavor Power Ltd;800803
MSEB Holding Company Ltd;MSEB Holding Company Ltd;800909
MSEB Holding Company Ltd ;Maharashtra State Power Generation Co Ltd;800772
MTI Energy Inc;MTI Energy Inc;100993
Mubadala Investment Company PJSC;Mubadala Investment Company PJSC;800849
Mubadala Investment Company PJSC ;Compania Espanola de Petroleos SA (Cepsa);100180
Mubadala Investment Company PJSC ;Mubadala Petroleum LLC (Mubadala Energy);100068
Murchison Oil & Gas LLC;Murchison Oil & Gas LLC;100672
Murex Petroleum Corporation;Murex Petroleum Corporation;100762
Murphy Oil Corporation;Murphy Oil Corporation;100100
MVM Energetika Zrt;MVM Energetika Zrt;200214
Myanma Oil and Gas Enterprise (MOGE);Myanma Oil and Gas Enterprise (MOGE);100237
Nadel and Gussman LLC;Nadel and Gussman LLC;100670
Nan Ya Plastics Corporation;Nan Ya Plastics Corporation;800252
Nanshan Group Co Ltd;Nanshan Group Co Ltd;200661
National Fuel Gas Company;National Fuel Gas Company;100126
National Grid plc;National Grid plc;200426
National Grid plc ;National Grid Grain LNG Ltd;200667
National Iranian Oil Company (NIOC);National Iranian Oil Company (NIOC);100003
National Iranian Oil Refining and Distribution Company (NIORDC);National Iranian Oil Refining and Distribution Company (NIORDC);200422
National Oil Corporation (NOC);National Oil Corporation (NOC);100085
National Petroleum Corporation of Namibia (NAMCOR);National Petroleum Corporation of Namibia (NAMCOR);100656
Natural Gas Public Company (DEFA);Natural Gas Public Company (DEFA);200609
Natural Gas Public Company (DEFA) ;Natural Gas Infrastructure Company (ETYFA);200610
Naturgy Energy Group SA;Naturgy Energy Group SA;200656
Navidad Resources II LLC;Navidad Resources II LLC;100934
Navitas Petroleum LP;Navitas Petroleum LP;100580
Nebula Energy LLC;Nebula Energy LLC;200649
Nefte Petroleum AG;Nefte Petroleum AG;100935
Neptune Energy Group Ltd;Neptune Energy Group Ltd;100112
Net Power Inc;Net Power Inc;800892
NeuRizer Ltd;NeuRizer Ltd;100949
New Age (African Global Energy) Ltd;New Age (African Global Energy) Ltd;200273
New Bright International Development Ltd;New Bright International Development Ltd;100301
New Fortress Energy Inc;New Fortress Energy Inc;200014
New Fortress Energy Inc ;Bradford County Real Estate Partners LLC;200674
New Fortress Energy Inc ;New Fortress Energy Louisiana FLNG LLC;200453
New Fortress Energy Inc ;NFE Altamira FLNG Onshore S de RL de CV;200673
New Fortress Energy Inc ;NFE Altamira FLNG S de RL de CV;200672
New Fortress Energy Inc ;Shannon LNG Ltd;800649
Newlyn Investments (Pty) Ltd (Newlyn Group);Newlyn Investments (Pty) Ltd (Newlyn Group);800085
NextDecade Corporation;NextDecade Corporation;200006
NextDecade Corporation ;Rio Grande LNG LLC;200525
NextEra Energy Inc;NextEra Energy Inc;200221
NextEra Energy Inc ;USG Properties Haynesville LLC;100449
NG Energy International Corp;NG Energy International Corp;100917
NGP Energy Capital Management LLC;NGP Energy Capital Management LLC;101016
NGP Energy Capital Management LLC ;Blackbeard Operating LLC;100174
NGP Energy Capital Management LLC ;Camino Natural Resources LLC;100201
NGP Energy Capital Management LLC ;Cygnet Energy Ltd;101097
NGP Energy Capital Management LLC ;Greenlake Energy Holdings LLC;101061
NGP Energy Capital Management LLC ;Steward Energy II LLC;100386
NGP Energy Capital Management LLC ;Tap Rock Resources LLC;100332
Niger Delta Power Holding Company Ltd (NDPHC);Niger Delta Power Holding Company Ltd (NDPHC);800340
Niger Delta Power Holding Company Ltd (NDPHC) ;Egbema Generation Company Ltd;800929
Nigeria LNG Ltd;Nigeria LNG Ltd;200442
Nigerian National Petroleum Company Ltd (NNPC);Nigerian National Petroleum Company Ltd (NNPC);100032
Nigerian National Petroleum Company Ltd (NNPC) ;Brass LNG Ltd;200443
Nine Dragons Paper (Holdings) Ltd;Nine Dragons Paper (Holdings) Ltd;800313
Ningbo Development & Investment Group Co Ltd;Ningbo Development & Investment Group Co Ltd;200615
Ningbo Jingshi Yingda Enterprise Management Partnership LP;Ningbo Jingshi Yingda Enterprise Management Partnership LP;200687
Ningxia Master Industrial Group Co Ltd;Ningxia Master Industrial Group Co Ltd;200688
NiSource Inc;NiSource Inc;800884
NJSC Naftogaz of Ukraine;NJSC Naftogaz of Ukraine;100079
Nodo Energetico del Norte de Colombia SA ESP (NENCOL);Nodo Energetico del Norte de Colombia SA ESP (NENCOL);800058
NOMAGAS JSC Skopje;NOMAGAS JSC Skopje;200265
Nord Axis Ltd;Nord Axis Ltd;100819
Norfund;Norfund;800321
North Carolina Electric Membership Corporation;North Carolina Electric Membership Corporation;800980
North Hudson Resource Partners LP;North Hudson Resource Partners LP;100867
North Oil Company (NOC);North Oil Company (NOC);100071
North Silo Resources LLC;North Silo Resources LLC;100890
Northeast Natural Energy LLC;Northeast Natural Energy LLC;100236
Northern Oil and Gas Inc;Northern Oil and Gas Inc;100258
Nostrum Oil & Gas Plc;Nostrum Oil & Gas Plc;100370
NOVAGOLD Resources Inc;NOVAGOLD Resources Inc;200206
Novo Oil & Gas LLC;Novo Oil & Gas LLC;100766
NRG Energy Inc;NRG Energy Inc;801006
NuVista Energy Ltd;NuVista Energy Ltd;100241
NV Nederlandse Gasunie;NV Nederlandse Gasunie;200096
NV Nederlandse Gasunie ;Gasunie Deutschland Transport Services GmbH;200568
NW Infrastructure LP;NW Infrastructure LP;200692
NZNP Trade LLC;NZNP Trade LLC;100618
O.G. Energy Holdings Ltd;O.G. Energy Holdings Ltd;100777
Obsidian Energy Ltd;Obsidian Energy Ltd;100343
Occidental Petroleum Corporation;Occidental Petroleum Corporation;100022
Ocean Petroleum LLP;Ocean Petroleum LLP;101107
Office National de l’Electricite et de l’Eau Potable;Office National de l’Electricite et de l’Eau Potable;200050
Office National des Hydrocarbures et des Mines (ONHYM);Office National des Hydrocarbures et des Mines (ONHYM);100598
Ofogh Tose Energy Khalij Fars Co;Ofogh Tose Energy Khalij Fars Co;800269
Ofogh Tose Energy Khalij Fars Co ;Ibne Yamin Power Generation Company;800844
Oil and Gas Development Company Ltd (OGDC);Oil and Gas Development Company Ltd (OGDC);100091
Oil and Natural Gas Corporation Ltd (ONGC);Oil and Natural Gas Corporation Ltd (ONGC);100026
Oil and Natural Gas Corporation Ltd (ONGC) ;Hindustan Petroleum Corporation Ltd;200091
Oil and Natural Gas Corporation Ltd (ONGC) ;HPCL LNG Ltd;200619
Oil India Ltd;Oil India Ltd;100163
Oil India Ltd ;Numaligarh Refinery Ltd;200492
OJSC Electric Power Plants;OJSC Electric Power Plants;800871
OJSC Tajiktransgaz;OJSC Tajiktransgaz;200388
OKEA ASA;OKEA ASA;100417
Oleoductos del Valle SA (Oldelval);Oleoductos del Valle SA (Oldelval);200486
Olifant Energy II LLC;Olifant Energy II LLC;100815
Omaha Public Power District;Omaha Public Power District;800285
Oman Investment Authority;Oman Investment Authority;101083
Oman Investment Authority ;Oman LNG LLC;200696
Oman Investment Authority ;OQ SAOC;100117
Omega Engenharia Ltda;Omega Engenharia Ltda;800052
Omega Engenharia Ltda ;Usina Termeletrica de Lins SA;800777
OMV AG;OMV AG;100064
OMV AG ;OMV Petrom SA;100202
ONE-Dyas BV;ONE-Dyas BV;100337
ONEOK Inc;ONEOK Inc;200245
ONEOK Inc ;Saguaro Connector Pipeline LLC;200503
Ontario Power Generation Inc;Ontario Power Generation Inc;800985
Operator Gazociagow Przesylowych GAZ-SYSTEM SA;Operator Gazociagow Przesylowych GAZ-SYSTEM SA;200226
Ordos State-Owned Assets Investment and Management Co Ltd;Ordos State-Owned Assets Investment and Management Co Ltd;200219
Oriental Energy Resources Ltd;Oriental Energy Resources Ltd;100448
Origem Energia SA;Origem Energia SA;101103
Origin Energy Ltd;Origin Energy Ltd;100145
Orinko SA;Orinko SA;800927
Orion Pacific Prime Energy Inc;Orion Pacific Prime Energy Inc;800573
Orlando Utilities Commission;Orlando Utilities Commission;800075
ORLEN SA;ORLEN SA;100416
ORLEN SA ;CCGT Gdansk Sp. z o.o.;800698
ORLEN SA ;CCGT Grudziadz Sp. z o.o.;800699
ORLEN SA ;CCGT Ostroleka Sp. z o.o.;800697
ORLEN SA ;Energa SA;800693
ORLEN SA ;ORLEN Unipetrol a.s.;800700
Osaka Gas Co Ltd (Daigas Group);Osaka Gas Co Ltd (Daigas Group);100228
Ovintiv Inc;Ovintiv Inc;100043
Pacific Corporation;Pacific Corporation;800646
Pacific Energy Corporation Ltd;Pacific Energy Corporation Ltd;100288
Pacific Energy Corporation Ltd ;Woodfibre LNG LP;200647
Pakistan Petroleum Ltd (PPL);Pakistan Petroleum Ltd (PPL);100119
Pakstream LLC;Pakstream LLC;200421
Palang Sophon Ltd;Palang Sophon Ltd;101073
Palestine Investment Fund Company PLC;Palestine Investment Fund Company PLC;800441
Palestine Power Generation Company (PPGC);Palestine Power Generation Company (PPGC);800801
Paloma Resources LLC;Paloma Resources LLC;100409
Pampa Energia SA;Pampa Energia SA;100250
Pan American Energy Group SL;Pan American Energy Group SL;100978
Pandion Energy AS;Pandion Energy AS;100554
Panoro Energy ASA;Panoro Energy ASA;100745
Pantheon Resources plc;Pantheon Resources plc;100651
PAO NOVATEK;PAO NOVATEK;100023
PAO NOVATEK ;Arctic LNG 2 LLC;200448
Paramount Resources Ltd;Paramount Resources Ltd;100204
Parex Resources Inc;Parex Resources Inc;100251
Partners Group Holding AG;Partners Group Holding AG;200567
Pasargad Energy Development Company (PEDC);Pasargad Energy Development Company (PEDC);100801
Pasargad Energy Development Company (PEDC) ;Shams Pasargad Power Generation Co;800949
Patria Investments Ltd;Patria Investments Ltd;800363
Patria Investments Ltd ;Marlim Azul Energia SA (ARKE);800642
PDC Energy Inc;PDC Energy Inc;100094
Peak Exploration & Production LLC;Peak Exploration & Production LLC;100722
Pembina Pipeline Corporation;Pembina Pipeline Corporation;200172
PennEnergy Resources LLC;PennEnergy Resources LLC;100167
Pennsylvania General Energy Company LLC;Pennsylvania General Energy Company LLC;100359
Perbadanan Kemajuan Negeri Selangor;Perbadanan Kemajuan Negeri Selangor;800541
Perbadanan Kemajuan Negeri Selangor ;Pulau Indah Power Plant Sdn Bhd;800732
Perbadanan Kemajuan Negeri Selangor ;Worldwide Holdings Bhd;800733
Percussion Petroleum II LLC;Percussion Petroleum II LLC;100784
Peregrine Oil & Gas LP;Peregrine Oil & Gas LP;101111
Perenco SA;Perenco SA;100088
Permian Deep Rock Oil Company LLC;Permian Deep Rock Oil Company LLC;100425
Permian Resources Corporation;Permian Resources Corporation;100178
PERN SA;PERN SA;200262
Petoro AS;Petoro AS;100029
Petro Matad Ltd;Petro Matad Ltd;100661
Petro-Hunt LLC;Petro-Hunt LLC;100243
Petro-Victory Energy Corp;Petro-Victory Energy Corp;100900
PetroBroad Copower Ltd;PetroBroad Copower Ltd;100908
PetroLegacy Energy II LLC;PetroLegacy Energy II LLC;100553
Petroleo Brasileiro SA – Petrobras;Petroleo Brasileiro SA – Petrobras;100014
Petroleos Colombianos SA (Petrolco);Petroleos Colombianos SA (Petrolco);101106
Petroleos de Venezuela SA (PDVSA);Petroleos de Venezuela SA (PDVSA);100030
Petroleos del Peru - PETROPERU SA;Petroleos del Peru - PETROPERU SA;101066
Petroleos Mexicanos (PEMEX);Petroleos Mexicanos (PEMEX);100017
Petroleum Sarawak Bhd (PETROS);Petroleum Sarawak Bhd (PETROS);100924
Petrolia NOCO AS;Petrolia NOCO AS;100612
Petroliam Nasional Bhd (PETRONAS);Petroliam Nasional Bhd (PETRONAS);100021
Petrolog Group;Petrolog Group;100966
Petronet LNG Ltd;Petronet LNG Ltd;200089
Petropars Ltd;Petropars Ltd;100720
Petroreconcavo SA;Petroreconcavo SA;100901
Petrus Resources Ltd;Petrus Resources Ltd;100520
Peyto Exploration and Development Corp;Peyto Exploration and Development Corp;100188
PGE Polska Grupa Energetyczna SA;PGE Polska Grupa Energetyczna SA;800067
PGE Polska Grupa Energetyczna SA ;Zespol Elektrocieplowni Wroclawskich KOGENERACJA SA;800694
Phakwe Group (Pty) Ltd;Phakwe Group (Pty) Ltd;800154
Phakwe Group (Pty) Ltd ;Phakwe Richards Bay Gas Power 3 (Pty) Ltd;800636
Phoenix Development Holding Company LLC;Phoenix Development Holding Company LLC;200602
Piedra Resources LLC;Piedra Resources LLC;100834
Pieridae Energy Ltd;Pieridae Energy Ltd;100240
Pioneer Natural Resources Company;Pioneer Natural Resources Company;100058
PipeChina Tianjin LNG Co Ltd;PipeChina Tianjin LNG Co Ltd;200465
Pipestone Energy Corp;Pipestone Energy Corp;100419
PJSC Gazprom;PJSC Gazprom;100002
PJSC Gazprom ;Gazprom LNG Vladivostok LLC;200682
PJSC Gazprom ;PJSC Gazprom Neft;100198
PJSC Inter RAO UES;PJSC Inter RAO UES;800120
PJSC Inter RAO UES ;OOO Kashirskaya GRES;800763
PJSC Inter RAO UES ;OOO Novolenskaya TES;800765
PJSC LUKOIL;PJSC LUKOIL;100016
PJSC LUKOIL ;Lukoil-KaliningradMorneft LLC;200541
PJSC MMC Norilsk Nickel (Nornickel);PJSC MMC Norilsk Nickel (Nornickel);100252
PJSC OGK-2;PJSC OGK-2;800531
PJSC Rosneft Oil Company;PJSC Rosneft Oil Company;100005
PJSC Rosneft Oil Company ;PJSC Joint Stock Oil Company Bashneft;100150
PJSC RusHydro;PJSC RusHydro;800100
PJSC RusHydro ;JSC Yakutskaya GRES-2;800770
PJSC RussNeft;PJSC RussNeft;100113
PJSC SIBUR Holding;PJSC SIBUR Holding;800211
PJSC Surgutneftegas;PJSC Surgutneftegas;100027
PJSC T Plus;PJSC T Plus;800230
PJSC Tatneft;PJSC Tatneft;100048
PJSC Tatneft ;OOO Nizhnekamsk CHPP;800762
PJSC Yakutsk Fuel and Energy Company (YATEC);PJSC Yakutsk Fuel and Energy Company (YATEC);100756
PLINACRO d.o.o.;PLINACRO d.o.o.;200135
Plinovodi d.o.o.;Plinovodi d.o.o.;200210
Pluspetrol Resources Corporation BV;Pluspetrol Resources Corporation BV;100156
Point Energy Partners;Point Energy Partners;100734
Polimix Concreto Ltda;Polimix Concreto Ltda;200575
POLY-GCL Petroleum Group Holdings Ltd;POLY-GCL Petroleum Group Holdings Ltd;200011
Ponte Nova Energia;Ponte Nova Energia;800612
Port Arthur LNG LLC;Port Arthur LNG LLC;200455
Porto Central Complexo Industrial Portuario SA;Porto Central Complexo Industrial Portuario SA;200048
Porto Norte Fluminense SA;Porto Norte Fluminense SA;200045
POSCO Holdings Inc;POSCO Holdings Inc;101045
POSCO Holdings Inc ;Posco International Corporation;100229
Power Assets Holdings Ltd;Power Assets Holdings Ltd;800873
Power Partners Ltd Co;Power Partners Ltd Co;800082
Powergroup SA (Pty) Ltd;Powergroup SA (Pty) Ltd;800891
PPL Corporation;PPL Corporation;801002
Predator Oil & Gas Holdings Plc;Predator Oil & Gas Holdings Plc;200098
Predator Oil & Gas Holdings Plc ;Mag Mell Energy Ireland Ltd;200664
Presidio Petroleum LLC;Presidio Petroleum LLC;100285
PRI Operating LLC (Patriot Resources);PRI Operating LLC (Patriot Resources);100356
PrimeEnergy Resources Corporation;PrimeEnergy Resources Corporation;101088
Prio SA;Prio SA;100711
Privado Holdings Corp;Privado Holdings Corp;800761
Proton Energy Ltd;Proton Energy Ltd;800658
PT Agri Maritim Sulteng;PT Agri Maritim Sulteng;200431
PT Amman Mineral Internasional Tbk;PT Amman Mineral Internasional Tbk;800922
PT Amman Mineral Internasional Tbk ;PT Amman Mineral Nusa Tenggara;800875
PT Bumi Siak Pusako;PT Bumi Siak Pusako;100972
PT Energi Mega Persada Tbk (EMP);PT Energi Mega Persada Tbk (EMP);100304
PT Hanlim Power Corporation;PT Hanlim Power Corporation;800026
PT Kawasan Industri Jababeka Tbk;PT Kawasan Industri Jababeka Tbk;800598
PT Krakatau Chandra Energi;PT Krakatau Chandra Energi;800481
PT Medco Daya Abadi Lestari;PT Medco Daya Abadi Lestari;101046
PT Medco Daya Abadi Lestari ;PT Medco Energi Internasional Tbk;100143
PT Pembangunan Aceh;PT Pembangunan Aceh;101004
PT Pembangunan Aceh ;PT Pema Global Energi;101005
PT Pertamina (Persero);PT Pertamina (Persero);100035
PT Pertamina (Persero) ;PT Pertamina Power Indonesia;800961
PT Pertamina (Persero) ;PT Perusahaan Gas Negara Tbk (PGN);200241
PT Pertamina (Persero) ;PT Saka Energi Indonesia;100341
PT PLN (Persero) (Perusahaan Listrik Negara);PT PLN (Persero) (Perusahaan Listrik Negara);800024
PT PLN (Persero) (Perusahaan Listrik Negara) ;PT PLN Indonesia Power;800921
PT Riau Petroleum;PT Riau Petroleum;100997
PT Sumber Gemilang Persada;PT Sumber Gemilang Persada;800876
PT Vale Indonesia Tbk;PT Vale Indonesia Tbk;800960
PTT Public Company Ltd;PTT Public Company Ltd;200008
PTT Public Company Ltd ;Delta Gas Transportation Ltd;800685
PTT Public Company Ltd ;PTT Exploration and Production Public Company Ltd (PTTEP);100055
Public Establishment for Electricity Generation (PEEG);Public Establishment for Electricity Generation (PEEG);800057
Public Investment Fund (PIF);Public Investment Fund (PIF);800795
Public Investment Fund (PIF) ;Qudra Holding Company;800967
Public Investment Fund (PIF) ;Saudi Electricity Company;800265
Public Investment Fund (PIF) ;Sidra Holding Company;800968
Public Power Corporation SA;Public Power Corporation SA;800121
Public Power Corporation SA ;Alexandroupolis Electricity Production SA;800825
PureWest Energy LLC;PureWest Energy LLC;100155
Pursuit Oil & Gas LLC;Pursuit Oil & Gas LLC;100467
Q-LNG Holdings LLC;Q-LNG Holdings LLC;200009
Qatar Electricity & Water Company QPSC;Qatar Electricity & Water Company QPSC;800022
Qatar Electricity & Water Company QPSC ;Nebras Power QSC;800592
Qatar Electricity & Water Company QPSC ;Ras Abu Fontas Power Company;800836
Qatar General Electricity and Water Corporation (KAHRAMAA);Qatar General Electricity and Water Corporation (KAHRAMAA);800835
QatarEnergy;QatarEnergy;100013
QatarEnergy ;Golden Pass LNG Terminal LLC;200444
QatarEnergy ;South Hook LNG Terminal Company Ltd;200663
Qingdao City Construction Investment (Group) Ltd;Qingdao City Construction Investment (Group) Ltd;200466
Qingdao Energy Group Co Ltd;Qingdao Energy Group Co Ltd;800365
Quang Ninh LNG Power JSC;Quang Ninh LNG Power JSC;800648
QuarterNorth Energy LLC;QuarterNorth Energy LLC;100666
Quinbrook Infrastructure Partners Pty Ltd;Quinbrook Infrastructure Partners Pty Ltd;800472
R. Lacy Inc;R. Lacy Inc;100507
Range Resources Corporation;Range Resources Corporation;100060
Ranger Oil Corporation;Ranger Oil Corporation;100303
Ranhill Sabah Energy III Sdn Bhd;Ranhill Sabah Energy III Sdn Bhd;800973
RATCH Group Public Company Ltd;RATCH Group Public Company Ltd;800183
RATCH Group Public Company Ltd ;Hin Kong Power Company Ltd;800678
Ratio Energies LP;Ratio Energies LP;100406
Recoil Resources LLC;Recoil Resources LLC;100877
Reindeer Partnership;Reindeer Partnership;800237
Reindeer Partnership ;Reindeer Energy Ltd;800469
Reliance Industries Ltd;Reliance Industries Ltd;100244
Reliance Power Ltd;Reliance Power Ltd;800325
Reliance Power Ltd ;Reliance Bangladesh LNG & Power Ltd;800780
Renovatio Group;Renovatio Group;800935
Repsol SA;Repsol SA;100037
Revenir Energy Inc;Revenir Energy Inc;100261
Revolution Resources LLC;Revolution Resources LLC;100403
Richards Bay Gas to Power 2 (Pty) Ltd;Richards Bay Gas to Power 2 (Pty) Ltd;800879
Ricochet Oil Corp;Ricochet Oil Corp;100984
Ridgemar Energy LLC;Ridgemar Energy LLC;100983
Ridgewood Companies;Ridgewood Companies;101047
Ridgewood Companies ;Ridgewood Energy Corporation;100369
Riley Exploration Permian Inc;Riley Exploration Permian Inc;100725
Ring Energy Inc;Ring Energy Inc;100470
Rio Oil and Gas II LLC;Rio Oil and Gas II LLC;100420
Riverbend Energy Group;Riverbend Energy Group;100814
Riverside Energy Holdings LLC;Riverside Energy Holdings LLC;101048
Riverside Energy Holdings LLC ;Riverside Energy Michigan LLC;100438
Rockcliff Energy LLC;Rockcliff Energy LLC;100106
Rockhopper Exploration plc;Rockhopper Exploration plc;100604
Rockies LNG LP;Rockies LNG LP;200022
Rockies Resources LLC;Rockies Resources LLC;101063
Rongsheng Petrochemical Co Ltd;Rongsheng Petrochemical Co Ltd;800861
Rostec State Corporation;Rostec State Corporation;800959
Rostec State Corporation ;OOO VO Technopromexport;800958
Rovuma LNG SA;Rovuma LNG SA;200633
Royal Group Finance Co Ltd;Royal Group Finance Co Ltd;200683
Royal Vopak NV;Royal Vopak NV;200097
Royal Vopak NV ;Vopak Victoria Energy Terminal Pty Ltd;200646
RRP Operating LLC;RRP Operating LLC;100760
Rubellite Energy Inc;Rubellite Energy Inc;100859
Rudong County Dongtai Social Development Investment Co Ltd;Rudong County Dongtai Social Development Investment Co Ltd;200552
Rural Power Company Ltd;Rural Power Company Ltd;800309
RusChemAlliance LLC;RusChemAlliance LLC;200617
RWE AG;RWE AG;100496
RWE AG ;RWE Generation UK plc;800945
Saba Power and Energy Group;Saba Power and Energy Group;800845
Saba Power and Energy Group ;Iran Power Plant Investment Co (SANA);800262
Saba Power and Energy Group ;Khorramabad Power Generation Co;800848
Sage Natural Resources LLC;Sage Natural Resources LLC;100427
Saguaro Resources Ltd;Saguaro Resources Ltd;100391
Sahara Group Ltd;Sahara Group Ltd;100480
Saibu Gas Holdings Co Ltd;Saibu Gas Holdings Co Ltd;800093
Sakhalin Oil and Gas Development Co Ltd (SODECO);Sakhalin Oil and Gas Development Co Ltd (SODECO);200053
Salt River Project Agricultural Improvement and Power District;Salt River Project Agricultural Improvement and Power District;800743
Samruk-Kazyna JSC;Samruk-Kazyna JSC;200254
Samruk-Kazyna JSC ;JSC NC KazMunayGas (KMG);100073
Samruk-Kazyna JSC ;JSC NC QazaqGaz;200540
Samruk-Kazyna JSC ;PGU Turkestan LLP;800533
Samruk-Kazyna JSC ;Samruk-Energy JSC;800118
Samson Energy Company LLC;Samson Energy Company LLC;100849
San Isidro Development Company LC;San Isidro Development Company LC;101098
San Leon Energy plc;San Leon Energy plc;100946
SandRidge Energy Inc;SandRidge Energy Inc;100321
Sanfangxiang Group Co Ltd;Sanfangxiang Group Co Ltd;801012
Sanguine Gas Exploration LLC;Sanguine Gas Exploration LLC;100818
Santos Ltd;Santos Ltd;100084
Sapura Energy Bhd;Sapura Energy Bhd;100377
Saskatchewan Power Corporation (SaskPower);Saskatchewan Power Corporation (SaskPower);800335
Sasol Ltd;Sasol Ltd;100223
Saturn Oil & Gas Inc;Saturn Oil & Gas Inc;100942
Saudi Arabian Corporation for Oil Shale Ltd (SACOS);Saudi Arabian Corporation for Oil Shale Ltd (SACOS);101092
Saudi Arabian Oil Company (Saudi Aramco);Saudi Arabian Oil Company (Saudi Aramco);100001
SC Electrocentrale Bucuresti SA;SC Electrocentrale Bucuresti SA;800499
SCE-Quvvat LLC;SCE-Quvvat LLC;800718
Schlumberger Ltd (SLB);Schlumberger Ltd (SLB);100234
Scout Energy Partners;Scout Energy Partners;100227
SDX Energy Plc;SDX Energy Plc;100527
SeaOne Holdings LLC;SeaOne Holdings LLC;800408
SeaOne Holdings LLC ;Termo Solo 1 SAS ESP;800713
Seascape Energy Asia plc;Seascape Energy Asia plc;100812
Sembcorp Industries Ltd;Sembcorp Industries Ltd;800047
Seminole Electric Cooperative Inc;Seminole Electric Cooperative Inc;800139
Seminole Electric Cooperative Inc ;Shady Hills Energy Center LLC;800650
Sempra Energy;Sempra Energy;200003
Sempra Energy ;ECA Liquefaction S de RL de CV;200518
Sempra Energy ;Energia Costa Azul S de RL de CV;200522
Sempra Energy ;Infraestructura Energetica Nova SAPI de CV;200521
Sempra Energy ;Port Arthur LNG Phase II LLC;200517
Sempra Energy ;Port Arthur Pipeline LLC;200677
Sempra Energy ;Sempra Infrastructure Partners LP;200669
Sempra Energy ;Vista Pacifico LNG SAPI de CV;200519
Sentinel Peak Resources LLC;Sentinel Peak Resources LLC;100710
Seplat Energy Plc;Seplat Energy Plc;100254
Sequa Petroleum NV;Sequa Petroleum NV;100943
Sequitur Energy Resources LLC;Sequitur Energy Resources LLC;100272
Serica Energy plc;Serica Energy plc;100696
Serra da Capivara Energias SPE Ltda;Serra da Capivara Energias SPE Ltda;800568
Seven Group Holdings Ltd;Seven Group Holdings Ltd;100624
Shaanxi Yanchang Petroleum (Group) Co Ltd;Shaanxi Yanchang Petroleum (Group) Co Ltd;100072
Shaanxi Yanchang Petroleum (Group) Co Ltd ;Shaanxi Provincial Natural Gas Co Ltd;100072,1
Shandong Development & Investment Holding Group Co Ltd;Shandong Development & Investment Holding Group Co Ltd;800631
Shandong Development & Investment Holding Group Co Ltd ;Huadian Foshan Energy Co Ltd;800632
Shandong Fengyuan Biomass Power Co Ltd;Shandong Fengyuan Biomass Power Co Ltd;800829
Shandong Hainuo Port Co Ltd;Shandong Hainuo Port Co Ltd;200083
Shandong Hi-Tech Innovation Construction Investment Group Co Ltd;Shandong Hi-Tech Innovation Construction Investment Group Co Ltd;200553
Shandong Lucion Investment Holding Group Co Ltd;Shandong Lucion Investment Holding Group Co Ltd;200204
Shandong Port Group Co Ltd;Shandong Port Group Co Ltd;200234
Shandong Port Group Co Ltd ;Shandong Port Yantai Port Group Co Ltd;200467
Shandong Yiding Energy Co Ltd;Shandong Yiding Energy Co Ltd;801036
Shanghai Electric Power Co Ltd;Shanghai Electric Power Co Ltd;800223
Shanghai Zhongsheng Industrial Group Co Ltd;Shanghai Zhongsheng Industrial Group Co Ltd;801010
Shantou Sinoenergy Co Ltd;Shantou Sinoenergy Co Ltd;200100
Shantou Special Economic Zone Gas Turbine Power Plant Co Ltd;Shantou Special Economic Zone Gas Turbine Power Plant Co Ltd;800537
Shanwei Investment Holdings Co Ltd;Shanwei Investment Holdings Co Ltd;800878
Shanxi Blue Flame Holding Co Ltd;Shanxi Blue Flame Holding Co Ltd;101089
Sharjah National Oil Corporation (SNOC);Sharjah National Oil Corporation (SNOC);100246
Shell plc;Shell plc;100007
Shenergy (Group) Co Ltd;Shenergy (Group) Co Ltd;200084
Shenergy (Group) Co Ltd ;Shenergy Co Ltd;100702
Shenergy (Group) Co Ltd ;Shenergy Yangshan LNG Co Ltd;800535
Shenjian Aerospace New Technology Research Institute (Zhuhai) Co Ltd;Shenjian Aerospace New Technology Research Institute (Zhuhai) Co Ltd;200638
Shenzhen Capital Holdings Co Ltd;Shenzhen Capital Holdings Co Ltd;800627
Shenzhen Energy Group Co Ltd;Shenzhen Energy Group Co Ltd;200266
Shenzhen Energy Group Co Ltd ;Zhuhai Shenneng Hongwan Power Co Ltd;800626
Shenzhen Gas Corporation Ltd;Shenzhen Gas Corporation Ltd;200278
Shenzhen Zhide Investment Development Co Ltd;Shenzhen Zhide Investment Development Co Ltd;800887
Sheridan Production Company III LLC;Sheridan Production Company III LLC;100353
Shunkang Holdings Group Co Ltd;Shunkang Holdings Group Co Ltd;101110
Sichuan Development Holding Co Ltd;Sichuan Development Holding Co Ltd;800238
Sichuan Development Holding Co Ltd ;Sichuan Energy Industry Investment Group Co Ltd;801014
Sichuan Development Holding Co Ltd ;Sichuan Hydropower Investment and Management Group Ltd;801049
Sichuan Provincial Investment Group Co Ltd;Sichuan Provincial Investment Group Co Ltd;800055
Sichuan Provincial Investment Group Co Ltd ;Sichuan Chuantou Gas Power Generation Group Co Ltd;800524
Siemens AG;Siemens AG;800080
Siemens Energy AG;Siemens Energy AG;800054
SIGDA OOD;SIGDA OOD;800448
Sikder Group of Companies;Sikder Group of Companies;800898
Silver Creek Oil & Gas LLC;Silver Creek Oil & Gas LLC;101064
Silver Hill Energy Partners III LP;Silver Hill Energy Partners III LP;100798
SilverBow Resources Inc;SilverBow Resources Inc;100270
Sino GeoPhysical Co Ltd;Sino GeoPhysical Co Ltd;100641
Sinochem Group Co Ltd;Sinochem Group Co Ltd;100182
Sinolam Smarter Energy LNG Power Co Inc;Sinolam Smarter Energy LNG Power Co Inc;800307
Sinopec Yantai Longkou LNG Co Ltd;Sinopec Yantai Longkou LNG Co Ltd;200542
Sinsukjai Company Ltd;Sinsukjai Company Ltd;800680
Sixth Street Partners LLC;Sixth Street Partners LLC;100831
SK Inc;SK Inc;200118
SK Inc ;8 Rivers Capital LLC;800324
SK Inc ;SK E&S Co Ltd;100861
SK Inc ;Whitetail Clean Energy Ltd;800940
SK Innovation Co Ltd;SK Innovation Co Ltd;100193
Slawson Companies Inc;Slawson Companies Inc;101050
Slawson Companies Inc ;Slawson Exploration Company Inc;100342
SM Energy Company;SM Energy Company;100110
Snam SpA;Snam SpA;200165
Snam SpA ;Enura SpA;200176
Snam SpA ;Ravenna LNG Terminal SRL;200539
SNGN Romgaz SA;SNGN Romgaz SA;100187
Snowy Hydro Ltd;Snowy Hydro Ltd;800210
SNTGN Transgaz SA;SNTGN Transgaz SA;200192
Snyder Brothers Inc;Snyder Brothers Inc;100428
Societa Gasdotti Italia SpA;Societa Gasdotti Italia SpA;200237
Societatea Electrocentrale Craiova SA;Societatea Electrocentrale Craiova SA;800934
Societatea Energetica Electrica SA;Societatea Energetica Electrica SA;800936
Societe Centrale Electrique du Congo SA (CEC);Societe Centrale Electrique du Congo SA (CEC);800379
Societe d'Infrastructures Gazieres SA;Societe d'Infrastructures Gazieres SA;200420
Societe des Petroles du Senegal (PETROSEN);Societe des Petroles du Senegal (PETROSEN);100613
Societe Mauritanienne des Hydrocarbures (SMH);Societe Mauritanienne des Hydrocarbures (SMH);100625
Societe Nationale d'Operations Petrolieres de la Cote d'Ivoire (Petroci);Societe Nationale d'Operations Petrolieres de la Cote d'Ivoire (Petroci);100743
Societe Nationale des Petroles du Congo (SNPC);Societe Nationale des Petroles du Congo (SNPC);100839
Societe Tunisienne de l'Electricite et du Gaz (STEG);Societe Tunisienne de l'Electricite et du Gaz (STEG);800298
SOGC Inc;SOGC Inc;100930
Sojitz Corporation;Sojitz Corporation;100452
Sonangol EP;Sonangol EP;100070
Sonatrach SpA;Sonatrach SpA;100015
Sonelgaz SpA;Sonelgaz SpA;800011
Sound Energy plc;Sound Energy plc;200341
Source Energy AS;Source Energy AS;100806
South Refineries Company;South Refineries Company;800897
Southern Cone Foundation;Southern Cone Foundation;101021
Southern Cone Foundation ;Compania General de Combustibles SA (CGC);100295
Southern Ute Indian Tribe Growth Fund;Southern Ute Indian Tribe Growth Fund;800468
Southern Ute Indian Tribe Growth Fund ;Red Willow Production LLC;100408
Southwestern Energy Company;Southwestern Energy Company;100054
Sovico Group;Sovico Group;800883
SPA Belenergo;SPA Belenergo;800168
Spartan Delta Corp;Spartan Delta Corp;100433
Sponte Operating Inc;Sponte Operating Inc;100735
Spur Energy Partners LLC;Spur Energy Partners LLC;100312
Sravanthi Infratech Pvt Ltd;Sravanthi Infratech Pvt Ltd;800410
Sravanthi Infratech Pvt Ltd ;Sravanthi Energy Pvt Ltd;800170
SSE plc;SSE plc;800074
State Development & Investment Corp Ltd;State Development & Investment Corp Ltd;801047
State Development & Investment Corp Ltd ;SDIC Power Holdings Co Ltd;800377
State Grid Corporation of China (SGCC);State Grid Corporation of China (SGCC);800874
State Oil Company of the Azerbaijan Republic (SOCAR);State Oil Company of the Azerbaijan Republic (SOCAR);100059
State Power Investment Corporation Ltd (SPIC);State Power Investment Corporation Ltd (SPIC);800036
State Power Investment Corporation Ltd (SPIC) ;China Power International Holding Ltd;800560
Sterling Oil Exploration & Energy Production Co Ltd;Sterling Oil Exploration & Energy Production Co Ltd;101059
Stone City Energy BV;Stone City Energy BV;800099
Strike Energy Ltd;Strike Energy Ltd;100633
Sui Northern Gas Pipelines Ltd;Sui Northern Gas Pipelines Ltd;200621
Suining Chen'an Investment Co Ltd;Suining Chen'an Investment Co Ltd;800925
Sumitomo Corporation;Sumitomo Corporation;100399
Summit Petroleum LLC;Summit Petroleum LLC;100360
Summit Power International Ltd;Summit Power International Ltd;200232
Summit Power International Ltd ;Summit Meghnaghat II Power Company Ltd;800644
Sun Ba Power Corporation;Sun Ba Power Corporation;800830
Sun Petrochemicals Pvt Ltd;Sun Petrochemicals Pvt Ltd;100800
Suncor Energy Inc;Suncor Energy Inc;100039
Sunlink Energies and Resources Ltd;Sunlink Energies and Resources Ltd;100675
Sunshine Oilsands Ltd;Sunshine Oilsands Ltd;100609
Supreme Group of Companies;Supreme Group of Companies;200315
Surge Energy US Holdings Company;Surge Energy US Holdings Company;100754
Suria Strategic Energy Resources Sdn Bhd;Suria Strategic Energy Resources Sdn Bhd;200637
Sval Energi AS;Sval Energi AS;100634
Swan Energy Ltd;Swan Energy Ltd;200073
Synthos SA;Synthos SA;800483
T&T Group JSC;T&T Group JSC;200412
T20 Holdings Ltd;T20 Holdings Ltd;800918
Tacheng Prefecture State-owned Assets Investment And Management Company;Tacheng Prefecture State-owned Assets Investment And Management Company;200712
Taishan Dawan Enterprise Management Co Ltd;Taishan Dawan Enterprise Management Co Ltd;200640
Taiwan Cogeneration Corporation (TCC);Taiwan Cogeneration Corporation (TCC);800146
Taiwan Power Company (Taipower);Taiwan Power Company (Taipower);200054
Taiwan Sugar Corporation;Taiwan Sugar Corporation;800831
Talara Capital Management LLC;Talara Capital Management LLC;101018
Talara Capital Management LLC ;Caza Petroleum LLC;100728
Talisman Group Investments LLC;Talisman Group Investments LLC;200509
Talisman Group Investments LLC ;Delfin LNG LLC;200510
Talisman Group Investments LLC ;Delfin Midstream Inc;200512
Tall City Exploration III LLC;Tall City Exploration III LLC;100494
Talos Energy Inc;Talos Energy Inc;100232
Tamar Petroleum Ltd;Tamar Petroleum Ltd;100362
Tamarack Valley Energy Ltd;Tamarack Valley Energy Ltd;100350
Tamboran Resources Ltd;Tamboran Resources Ltd;100948
Tanajib Cogeneration Power Company;Tanajib Cogeneration Power Company;800794
Tangshan Donghua Iron and Steel Enterprise Group Co Ltd;Tangshan Donghua Iron and Steel Enterprise Group Co Ltd;801038
Tangshan Ganglu Iron & Steel Co Ltd;Tangshan Ganglu Iron & Steel Co Ltd;801039
Tangshan State Holding Group Co Ltd;Tangshan State Holding Group Co Ltd;200691
Tanzania Electric Supply Company Ltd (TANESCO);Tanzania Electric Supply Company Ltd (TANESCO);800331
Tanzania Petroleum Development Corporation (TPDC);Tanzania Petroleum Development Corporation (TPDC);200150
Tarazenergo-2005 LLP;Tarazenergo-2005 LLP;800993
Tatanga Energy;Tatanga Energy;800282
Tatneftegaz-Sever LLC;Tatneftegaz-Sever LLC;100883
Tattarang Pty Ltd;Tattarang Pty Ltd;800774
Tattarang Pty Ltd ;Australian Industrial Energy Pty Ltd;200562
Tattarang Pty Ltd ;Squadron Energy Pty Ltd;800449
TC Energy Corporation;TC Energy Corporation;200137
TC Energy Corporation ;NOVA Gas Transmission Ltd;200598
TC Energy Corporation ;TransCanada PipeLines Ltd;200599
Tecpetrol Internacional SLU;Tecpetrol Internacional SLU;100151
Tellurian Inc;Tellurian Inc;100511
Tellurian Inc ;Driftwood LNG LLC;200460
Tellurian Inc ;Driftwood Pipeline LLC;200461
Telpico LLC;Telpico LLC;101108
Temasek Holdings (Private) Ltd;Temasek Holdings (Private) Ltd;200115
Tenaga Nasional Bhd (TNB);Tenaga Nasional Bhd (TNB);800113
Tennessee Valley Authority;Tennessee Valley Authority;800061
TEPOR - Terminal Portuario de Macae Ltda;TEPOR - Terminal Portuario de Macae Ltda;200046
Termocandelaria Power SA;Termocandelaria Power SA;800395
Termocandelaria Power SA ;Termobarranquilla SA ESP;800910
Terra Energy Partners LLC;Terra Energy Partners LLC;100138
Tessenderlo Group NV;Tessenderlo Group NV;800181
Tethys Oil AB;Tethys Oil AB;100465
Texas American Resources LLC;Texas American Resources LLC;100872
Texas LNG LLC;Texas LNG LLC;200244
Thai Future Energy Holding Company Ltd;Thai Future Energy Holding Company Ltd;800679
Thai Future Energy Holding Company Ltd ;Burapa Power Generation Company Ltd;800681
Thai Future Energy Holding Company Ltd ;National Power Supply Public Company Ltd;800368
Thanh Thanh Cong JSC (TTC);Thanh Thanh Cong JSC (TTC);200325
The AES Corporation;The AES Corporation;200123
The Carlyle Group Inc;The Carlyle Group Inc;100623
The Carlyle Group Inc ;SierraCol Energy Ltd;100755
The Hong Kong and China Gas Company Ltd (Towngas);The Hong Kong and China Gas Company Ltd (Towngas);200297
The Israel Electric Corporation Ltd;The Israel Electric Corporation Ltd;800126
The Israel Electric Corporation Ltd ;Netiv HaOr - Orot Rabin Ltd;800882
The Kansai Electric Power Company Inc (KEPCO);The Kansai Electric Power Company Inc (KEPCO);800491
The National Gas Company of Trinidad and Tobago Ltd (NGC);The National Gas Company of Trinidad and Tobago Ltd (NGC);101065
The NEQSOL Holding Azerbaijan LLC;The NEQSOL Holding Azerbaijan LLC;101038
The NEQSOL Holding Azerbaijan LLC ;Nobel Oil E&P (UK) Ltd;100792
The Silk Road Fund Co Ltd;The Silk Road Fund Co Ltd;100263
The South Gas Company;The South Gas Company;100158
The Southern Company;The Southern Company;800203
The Southern Company ;Alabama Power Co;800977
The State Atomic Energy Corporation ROSATOM;The State Atomic Energy Corporation ROSATOM;800768
The State Atomic Energy Corporation ROSATOM ;PJSC Quadra - Power Generation;800320
The Williams Companies Inc;The Williams Companies Inc;200147
The Williams Companies Inc ;Transcontinental Gas Pipe Line Company LLC;200485
Thermal Power Plants Holding Company (TPPH);Thermal Power Plants Holding Company (TPPH);800028
Thermoilektriki Komotinis SA;Thermoilektriki Komotinis SA;800824
Thunderbird Resources Equity Inc;Thunderbird Resources Equity Inc;200329
Tianjin Port (Group) Co Ltd;Tianjin Port (Group) Co Ltd;200464
Tianjin State-owned Capital Investment Operation Co Ltd;Tianjin State-owned Capital Investment Operation Co Ltd;800542
Tianjin State-owned Capital Investment Operation Co Ltd ;Tianjin Energy Investment Group Co Ltd;801013
Tibet Runjue Electric Energy Co Ltd;Tibet Runjue Electric Energy Co Ltd;200728
Timor GAP EP;Timor GAP EP;100650
Timor Resources Pty Ltd;Timor Resources Pty Ltd;100856
Tinmar Energy SA;Tinmar Energy SA;800750
TKG Taekwang Co Ltd;TKG Taekwang Co Ltd;800956
TNEB Ltd;TNEB Ltd;800923
TNEB Ltd ;Tamil Nadu Generation and Distribution Corporation Ltd;800107
Tokyo Electric Power Company Holdings Inc (TEPCO);Tokyo Electric Power Company Holdings Inc (TEPCO);200323
Tokyo Gas Co Ltd;Tokyo Gas Co Ltd;100207
Tolaram Group Inc;Tolaram Group Inc;800111
Tolaram Group Inc ;MBH Power Ltd;800112
Tongkun Group Co Ltd;Tongkun Group Co Ltd;800246
Top Frontier Investment Holdings Inc;Top Frontier Investment Holdings Inc;800020
Top Frontier Investment Holdings Inc ;San Miguel Corporation;800076
Top Frontier Investment Holdings Inc ;San Miguel Global Power Holdings Corp;800019
Topline Business Development Corporation;Topline Business Development Corporation;200320
Tortoise Capital Advisors LLC;Tortoise Capital Advisors LLC;200385
TotalEnergies SE;TotalEnergies SE;100011
TotalEnergies SE ;East African Crude Oil Pipeline (EACOP) Ltd;200441
TotalEnergies SE ;Marsa LNG LLC;200681
Touchstone Exploration Inc;Touchstone Exploration Inc;100593
Tourmaline Oil Corp;Tourmaline Oil Corp;100074
Trading Construction Works Organization;Trading Construction Works Organization;800272
Trans-Kyrgyz Gas Pipeline Company Ltd;Trans-Kyrgyz Gas Pipeline Company Ltd;200389
Transnafta a.d. Pancevo;Transnafta a.d. Pancevo;200493
Transnet SOC Ltd;Transnet SOC Ltd;200129
Transportadora Gas del Norte SA (TGN);Transportadora Gas del Norte SA (TGN);200654
Transportadora Gas del Norte SA (TGN) ;Gasoducto Vicunas SAU;200655
Transportgas Srbija d.o.o. Novi Sad;Transportgas Srbija d.o.o. Novi Sad;200494
Tree Energy Solutions Belgium BV;Tree Energy Solutions Belgium BV;200433
Tree Energy Solutions Belgium BV ;Deutsche Grüngas- und Energieversorgung GmbH;200685
Tribune Resources LLC;Tribune Resources LLC;100474
Trinidad Petroleum Holdings Ltd;Trinidad Petroleum Holdings Ltd;101027
Trinidad Petroleum Holdings Ltd ;Heritage Petroleum Company Ltd;100707
Trinity Operating LLC;Trinity Operating LLC;100175
Triple Crown Resources LLC;Triple Crown Resources LLC;100413
Troubadour Operating LLC;Troubadour Operating LLC;100968
TRP Energy LLC;TRP Energy LLC;100832
Trung Nam Construction Investment JSC;Trung Nam Construction Investment JSC;801051
Truong Thanh Vietnam Group JSC (TTVN);Truong Thanh Vietnam Group JSC (TTVN);800029
Tug Hill Operating LLC;Tug Hill Operating LLC;100159
Tullow Oil plc;Tullow Oil plc;100190
Türkiye Petrolleri AO (TPAO);Türkiye Petrolleri AO (TPAO);100104
Turkmenenergo State Power Corporation;Turkmenenergo State Power Corporation;800994
Turkmengaz State Concern;Turkmengaz State Concern;100033
TXO Partners LP;TXO Partners LP;100959
Uganda National Oil Company Ltd (UNOC);Uganda National Oil Company Ltd (UNOC);100802
Uinta Wax Operating LLC;Uinta Wax Operating LLC;100398
Ukrzemresurs LLC;Ukrzemresurs LLC;101090
Ultrapar Participacoes SA;Ultrapar Participacoes SA;200290
Union CubaPetroleo (Cupet);Union CubaPetroleo (Cupet);100708
Union Energy & Systems Operations Malta Ltd;Union Energy & Systems Operations Malta Ltd;100969
Unit Corporation;Unit Corporation;100275
United Energy Group Ltd;United Energy Group Ltd;100171
United Enterprises & Company Ltd;United Enterprises & Company Ltd;800259
United Enterprises & Company Ltd ;United Power Generation & Distribution Company Ltd;800834
United Production Partners Inc;United Production Partners Inc;100278
UpCurve Energy LLC;UpCurve Energy LLC;100492
Urban Oil & Gas Group LLC;Urban Oil & Gas Group LLC;100372
Usina Termeletrica Norte Catarinense Ltda;Usina Termeletrica Norte Catarinense Ltda;800721
UTE GNA II Geracao de Energia SA;UTE GNA II Geracao de Energia SA;800799
Utica Resource Operating LLC;Utica Resource Operating LLC;100878
UTM Offshore Ltd;UTM Offshore Ltd;100638
UTM Offshore Ltd ;UTM FLNG Ltd;200657
Uzgeoneftegazdobycha AK;Uzgeoneftegazdobycha AK;100884
Valence Operating Company;Valence Operating Company;100669
Valeura Energy Inc;Valeura Energy Inc;100687
Vedanta Inc;Vedanta Inc;101056
Vedanta Inc ;Vedanta Resources Ltd;100161
Venice Energy Pty Ltd;Venice Energy Pty Ltd;200099
Venice Energy Pty Ltd ;Venice Regas Pty Ltd;200581
Venture Global LNG Inc;Venture Global LNG Inc;200005
Venture Global LNG Inc ;Venture Global CP Express LLC;200529
Venture Global LNG Inc ;Venture Global CP2 LNG LLC;200530
Venture Global LNG Inc ;Venture Global Delta Express LLC;200532
Venture Global LNG Inc ;Venture Global Delta LNG LLC;200531
Venture Global LNG Inc ;Venture Global Plaquemines LNG LLC;200528
Veolia Environnement SA;Veolia Environnement SA;801046
Verdad Resources LLC;Verdad Resources LLC;100469
Verdun Oil Company LLC;Verdun Oil Company LLC;100293
Veren Inc;Veren Inc;100136
Vermilion Energy Inc;Vermilion Energy Inc;100168
Vesta Energy Ltd;Vesta Energy Ltd;100461
Videocon Industries Ltd;Videocon Industries Ltd;100559
Vier Gas Holdings Sarl;Vier Gas Holdings Sarl;200571
Vier Gas Holdings Sarl ;Open Grid Europe GmbH;200225
Vier Gas Holdings Sarl ;Vier Gas Transport GmbH;200583
Vietnam Electricity Group (EVN);Vietnam Electricity Group (EVN);200316
Vietnam Electricity Group (EVN) ;Power Engineering Consulting JSC 2 (PECC2);200328
Vietnam Electricity Group (EVN) ;Power Generation Joint Stock Corporation 3 (EVNGENCO 3);800645
Vietnam National Petroleum Group (Petrolimex);Vietnam National Petroleum Group (Petrolimex);200081
Vietnam Oil and Gas Group (PetroVietnam);Vietnam Oil and Gas Group (PetroVietnam);100103
Vietnam Oil and Gas Group (PetroVietnam) ;PetroVietnam Exploration Production Corporation Ltd;101085
Vietnam Oil and Gas Group (PetroVietnam) ;Petrovietnam Gas Joint Stock Corporation (PV GAS);200450
Vietnam Oil and Gas Group (PetroVietnam) ;PetroVietnam Power Corporation - JSC;800647
Vietnam Oil and Gas Group (PetroVietnam) ;Son My LNG Terminal Co Ltd;200454
VinaCapital Group Ltd;VinaCapital Group Ltd;800104
Virtus Investment AD;Virtus Investment AD;800575
Viru Keemia Grupp AS;Viru Keemia Grupp AS;100828
Vision International Investment Company;Vision International Investment Company;800594
Vista Energy SAB de CV;Vista Energy SAB de CV;100330
Vital Energy Inc;Vital Energy Inc;100142
Vitol Holding II SA;Vitol Holding II SA;200246
Vitol Holding II SA ;Vencer Energy LLC;100955
Vitol Holding II SA ;VPI Holding Ltd;800946
Vitol Holding II SA ;VPI Immingham B Ltd;800717
Vitol Holding II SA ;VTX Energy Partners LLC;100926
Viva Energy Group Ltd;Viva Energy Group Ltd;200405
Viva Energy Group Ltd ;Viva Energy Gas Australia Pty Ltd;200582
Vivant Corporation;Vivant Corporation;800615
W&T Offshore Inc;W&T Offshore Inc;100235
Waldorf Energy Partners Ltd;Waldorf Energy Partners Ltd;101058
Waldorf Energy Partners Ltd ;Waldorf Production UK Plc;100774
Walter Oil & Gas Corporation;Walter Oil & Gas Corporation;100390
Wapiti Energy LLC;Wapiti Energy LLC;100765
Warwick Carbon Solutions Development Company LP;Warwick Carbon Solutions Development Company LP;800998
Warwick Carbon Solutions Development Company LP ;Broadwing Energy LLC;800999
Warwick Investment Group LLC;Warwick Investment Group LLC;100794
Waterford Finance and Investment Ltd;Waterford Finance and Investment Ltd;101095
Waterford Finance and Investment Ltd ;Jupiter Energy Ltd;101094
Waterous Energy Fund;Waterous Energy Fund;101052
Waterous Energy Fund ;Strathcona Resources Ltd;100378
WaveCrest Energy LLC;WaveCrest Energy LLC;200665
WaveCrest Energy LLC ;Teesside Flexible Regas Port Ltd;200666
WEC Energy Group Inc;WEC Energy Group Inc;800046
Weifang Guokong Development Group Co Ltd;Weifang Guokong Development Group Co Ltd;200704
Wellesley Petroleum AS;Wellesley Petroleum AS;100636
West African Energy;West African Energy;800383
Westbrick Energy Ltd;Westbrick Energy Ltd;100319
Western Gas Corporation Pty Ltd;Western Gas Corporation Pty Ltd;100622
Western LNG LLC;Western LNG LLC;200386
Westlawn Group LLC;Westlawn Group LLC;101002
White Rock Oil & Gas LLC;White Rock Oil & Gas LLC;100982
Whitecap Resources Inc;Whitecap Resources Inc;100206
WhiteWater Midstream LLC;WhiteWater Midstream LLC;200458
WhiteWater Midstream LLC ;Matterhorn Express Pipeline LLC;200679
Widad Business Group Sdn Bhd;Widad Business Group Sdn Bhd;800532
WildFire Energy I LLC;WildFire Energy I LLC;100848
Winnievision Power Ltd;Winnievision Power Ltd;800490
Wintershall Dea AG;Wintershall Dea AG;100044
Wolf Summit Energy LLC;Wolf Summit Energy LLC;800746
Woodside Energy Group Ltd;Woodside Energy Group Ltd;100083
WPPI Energy;WPPI Energy;801004
Wuxi Guolian Development (Group) Co Ltd;Wuxi Guolian Development (Group) Co Ltd;800778
Wuxi Guolian Development (Group) Co Ltd ;Wuxi Huaguang Environment & Energy Group Co Ltd;800103
Wuxi Public Utilities Industrial Group Co Ltd;Wuxi Public Utilities Industrial Group Co Ltd;800090
Xcel Energy Inc;Xcel Energy Inc;800140
Xcel Energy Inc ;Public Service Company of Colorado;800737
Xcel Energy Inc ;Southwestern Public Service Company;800736
XCL Resources LLC;XCL Resources LLC;100498
Xinjiang Altay Irtysh State-owned Assets Investment Management Co Ltd;Xinjiang Altay Irtysh State-owned Assets Investment Management Co Ltd;200703
Xinjiang Energy (Group) Co Ltd;Xinjiang Energy (Group) Co Ltd;100704
Xinjiang Guanghui Industry Investment (Group) Corporation Ltd;Xinjiang Guanghui Industry Investment (Group) Corporation Ltd;200725
Xinjiang Xintai Natural Gas Co Ltd;Xinjiang Xintai Natural Gas Co Ltd;101010
Xinjiang Xintai Natural Gas Co Ltd ;AAG Energy Holdings Ltd;100451
Xinjiang Yaxin Coalbed Methane Investment and Development (Group) Co Ltd;Xinjiang Yaxin Coalbed Methane Investment and Development (Group) Co Ltd;101093
XPR Resources LLC;XPR Resources LLC;100897
Xuzhou Coal Mining Group Co Ltd;Xuzhou Coal Mining Group Co Ltd;200390
Yacimientos Petroliferos Fiscales Bolivianos SA (YPFB);Yacimientos Petroliferos Fiscales Bolivianos SA (YPFB);100437
Yacimientos Petroliferos Fiscales Bolivianos SA (YPFB) ;YPFB Andina SA;100273
Yamal Sever LLC;Yamal Sever LLC;101068
Yangarra Resources Ltd;Yangarra Resources Ltd;100466
Yantai Yindu Industry Co Ltd;Yantai Yindu Industry Co Ltd;200396
YPF SA;YPF SA;100057
YTL Power International Bhd;YTL Power International Bhd;100619
Yunnan Provincial Investment Holdings Group Co Ltd;Yunnan Provincial Investment Holdings Group Co Ltd;800826
Yunnan Provincial Investment Holdings Group Co Ltd ;Union Resources & Engineering Co Ltd;800827
Yunnan Provincial Investment Holdings Group Co Ltd ;Yunnan Energy Investment Co Ltd;200625
Yunnan Provincial Investment Holdings Group Co Ltd ;Yunnan Provincial Energy Investment Group Co Ltd;200627
Yunnan Yunmai Industrial Co Ltd;Yunnan Yunmai Industrial Co Ltd;800828
Yunnan Zangran Energy Development Co Ltd;Yunnan Zangran Energy Development Co Ltd;200729
Yuyao Shuncai Investment Holding Co Ltd;Yuyao Shuncai Investment Holding Co Ltd;801045
Zarvona Energy LLC;Zarvona Energy LLC;100435
Zavanna LLC;Zavanna LLC;100402
ZE PAK SA (Zespol Elektrowni Patnow-Adamow-Konin SA);ZE PAK SA (Zespol Elektrowni Patnow-Adamow-Konin SA);800425
ZE PAK SA (Zespol Elektrowni Patnow-Adamow-Konin SA) ;PAK CCGT Sp. z o.o.;800696
Zenith Energy US LP;Zenith Energy US LP;200330
Zenith Steel Group Co Ltd;Zenith Steel Group Co Ltd;801031
Zhejiang Provincial Energy Group Co Ltd;Zhejiang Provincial Energy Group Co Ltd;800571
Zhejiang Provincial Energy Group Co Ltd ;Zhejiang Zheneng Electric Power Co Ltd;801032
Zhejiang Rongsheng Holding Group Co Ltd;Zhejiang Rongsheng Holding Group Co Ltd;800133
Zhejiang Zhoushan Islands New Area Zhejiang East State-owned Assets Investment Development Co Ltd;Zhejiang Zhoushan Islands New Area Zhejiang East State-owned Assets Investment Development Co Ltd;200690
Zhengben Energy Storage and Transportation Co Ltd;Zhengben Energy Storage and Transportation Co Ltd;200611
Zhongshan Yongning Industrial Corporation;Zhongshan Yongning Industrial Corporation;800863
Zhongxing Tianheng Energy Technology (Beijing) Co Ltd;Zhongxing Tianheng Energy Technology (Beijing) Co Ltd;100194
Zhongyou Xinxing Energy Industrial Group Company;Zhongyou Xinxing Energy Industrial Group Company;200686
Zhoushan Liuheng State-owned Assets Investment Management Co Ltd;Zhoushan Liuheng State-owned Assets Investment Management Co Ltd;200138
Zibo Caijin Holdings Group Co Ltd;Zibo Caijin Holdings Group Co Ltd;200706
Zion Oil & Gas Inc;Zion Oil & Gas Inc;100647
